seller_id,wb_warehouse_id,wb_date,status,orders,min,max
115c765e-bafa-4909-8dfd-0681f15cc620,2107716,2026-09-23,done,2,2026-09-23 05:14:45.779492+00,2026-09-23 05:50:45.932393+00
115c765e-bafa-4909-8dfd-0681f15cc620,2228378,2026-09-23,cancelled,1,2026-09-23 18:30:17.182235+00,2026-09-23 18:30:17.182235+00
115c765e-bafa-4909-8dfd-0681f15cc620,2228378,2026-09-23,done,5,2026-09-23 07:59:46.168184+00,2026-09-23 19:20:32.546691+00
115c765e-bafa-4909-8dfd-0681f15cc620,2228378,2026-09-23,sorted,1,2026-09-23 11:29:45.884916+00,2026-09-23 11:29:45.884916+00
115c765e-bafa-4909-8dfd-0681f15cc620,2228378,2026-09-24,cancelled,4,2026-09-24 06:09:49.557392+00,2026-09-24 12:30:18.166595+00
115c765e-bafa-4909-8dfd-0681f15cc620,2228378,2026-09-24,done,6,2026-09-24 03:57:49.455338+00,2026-09-24 17:15:35.557048+00
115c765e-bafa-4909-8dfd-0681f15cc620,2228378,2026-09-24,sorted,1,2026-09-24 11:50:39.893876+00,2026-09-24 11:50:39.893876+00
115c765e-bafa-4909-8dfd-0681f15cc620,2228378,2026-09-25,cancelled,1,2026-09-25 12:19:12.707525+00,2026-09-25 12:19:12.707525+00
115c765e-bafa-4909-8dfd-0681f15cc620,2228378,2026-09-25,done,4,2026-09-25 12:10:11.976083+00,2026-09-27 08:15:49.371817+00
115c765e-bafa-4909-8dfd-0681f15cc620,2228378,2026-09-25,sorted,1,2026-09-24 22:30:10.349658+00,2026-09-24 22:30:10.349658+00
184f4b05-e623-4746-8edf-c5e408e6d026,2100731,2026-09-23,done,19,2026-09-23 05:20:47.162553+00,2026-09-23 19:42:50.914269+00
184f4b05-e623-4746-8edf-c5e408e6d026,2100731,2026-09-23,sorted,8,2026-09-23 12:17:46.907131+00,2026-09-23 21:00:50.44797+00
184f4b05-e623-4746-8edf-c5e408e6d026,2100731,2026-09-24,done,6,2026-09-24 05:57:50.321951+00,2026-09-24 10:29:39.895319+00
184f4b05-e623-4746-8edf-c5e408e6d026,2100731,2026-09-24,new,11,2026-09-24 14:04:23.49104+00,2026-09-24 20:30:35.723718+00
184f4b05-e623-4746-8edf-c5e408e6d026,2100731,2026-09-24,sorted,6,2026-09-24 00:15:50.294698+00,2026-09-24 09:01:54.747989+00
184f4b05-e623-4746-8edf-c5e408e6d026,2100731,2026-09-25,cancelled,1,2026-09-25 06:45:15.118641+00,2026-09-25 06:45:15.118641+00
184f4b05-e623-4746-8edf-c5e408e6d026,2100731,2026-09-25,new,17,2026-09-24 22:09:11.868494+00,2026-10-01 12:22:27.932462+00
184f4b05-e623-4746-8edf-c5e408e6d026,2100731,2026-09-26,new,1,2026-10-01 12:22:27.932462+00,2026-10-01 12:22:27.932462+00
405fad7c-672f-49cb-b691-6f2c0b7fc49a,2107811,2026-09-23,done,4,2026-09-23 05:50:47.522503+00,2026-09-23 17:26:35.364009+00
405fad7c-672f-49cb-b691-6f2c0b7fc49a,2123478,2026-09-23,sorted,1,2026-09-23 13:17:46.832702+00,2026-09-23 13:17:46.832702+00
405fad7c-672f-49cb-b691-6f2c0b7fc49a,2107811,2026-09-24,cancelled,1,2026-09-24 14:34:23.353352+00,2026-09-24 14:34:23.353352+00
405fad7c-672f-49cb-b691-6f2c0b7fc49a,2107811,2026-09-24,done,3,2026-09-24 06:36:50.583902+00,2026-09-24 13:34:23.177327+00
405fad7c-672f-49cb-b691-6f2c0b7fc49a,2123478,2026-09-24,done,1,2026-09-24 09:07:54.576826+00,2026-09-24 09:07:54.576826+00
405fad7c-672f-49cb-b691-6f2c0b7fc49a,2107811,2026-09-25,done,3,2026-09-24 23:39:11.781981+00,2026-09-25 11:43:12.885992+00
405fad7c-672f-49cb-b691-6f2c0b7fc49a,2107811,2026-09-25,sorted,1,2026-09-25 19:28:15.045589+00,2026-09-25 19:28:15.045589+00
9819f2c6-b28e-401e-a163-6ffe9e420da6,2046998,2026-09-23,cancelled,21,2026-09-23 03:26:47.513371+00,2026-09-23 19:48:51.607189+00
9819f2c6-b28e-401e-a163-6ffe9e420da6,2046998,2026-09-23,defect,1,2026-09-23 14:38:35.544386+00,2026-09-23 14:38:35.544386+00
9819f2c6-b28e-401e-a163-6ffe9e420da6,2046998,2026-09-23,done,10,2026-09-23 03:47:47.500929+00,2026-09-23 17:35:35.29415+00
9819f2c6-b28e-401e-a163-6ffe9e420da6,2046998,2026-09-23,sorted,5,2026-09-23 05:53:47.056294+00,2026-09-23 16:23:35.97654+00
9819f2c6-b28e-401e-a163-6ffe9e420da6,2046998,2026-09-24,cancelled,26,2026-09-24 04:39:51.476943+00,2026-09-24 19:03:36.781191+00
9819f2c6-b28e-401e-a163-6ffe9e420da6,2046998,2026-09-24,defect,3,2026-09-24 04:15:50.886074+00,2026-09-24 14:28:24.555144+00
9819f2c6-b28e-401e-a163-6ffe9e420da6,2046998,2026-09-24,done,12,2026-09-24 06:00:51.524822+00,2026-09-24 19:00:37.891904+00
9819f2c6-b28e-401e-a163-6ffe9e420da6,2046998,2026-09-24,sorted,8,2026-09-24 05:21:51.700907+00,2026-09-24 18:48:36.518178+00
9819f2c6-b28e-401e-a163-6ffe9e420da6,2046998,2026-09-25,cancelled,19,2026-09-25 08:21:03.813868+00,2026-09-25 20:13:14.570915+00
9819f2c6-b28e-401e-a163-6ffe9e420da6,2046998,2026-09-25,defect,3,2026-09-25 03:12:12.968977+00,2026-09-25 10:52:13.137389+00
9819f2c6-b28e-401e-a163-6ffe9e420da6,2046998,2026-09-25,done,17,2026-09-25 03:42:12.931628+00,2026-09-25 19:04:13.4637+00
9819f2c6-b28e-401e-a163-6ffe9e420da6,2046998,2026-09-25,sorted,3,2026-09-25 09:37:20.017736+00,2026-09-25 11:01:14.122526+00
9819f2c6-b28e-401e-a163-6ffe9e420da6,2046998,2026-09-26,done,1,2026-09-25 21:07:17.233567+00,2026-09-25 21:07:17.233567+00
9819f2c6-b28e-401e-a163-6ffe9e420da6,2046998,2026-09-26,sorted,1,2026-09-25 23:37:12.351558+00,2026-09-25 23:37:12.351558+00
d1f26146-e99a-41af-9471-9c80ec990db3,2067199,2026-09-23,cancelled,40,2026-09-23 01:05:48.428971+00,2026-09-27 12:30:43.919543+00
d1f26146-e99a-41af-9471-9c80ec990db3,2067199,2026-09-23,defect,1,2026-09-23 14:23:36.719523+00,2026-09-23 14:23:36.719523+00
d1f26146-e99a-41af-9471-9c80ec990db3,2067199,2026-09-23,done,38,2026-09-23 06:47:49.085155+00,2026-09-23 20:30:52.903799+00
d1f26146-e99a-41af-9471-9c80ec990db3,2067199,2026-09-23,sorted,7,2026-09-23 03:59:47.891361+00,2026-09-23 19:27:53.022646+00
d1f26146-e99a-41af-9471-9c80ec990db3,2128415,2026-09-23,cancelled,14,2026-09-23 01:59:47.553546+00,2026-09-23 18:32:36.818286+00
d1f26146-e99a-41af-9471-9c80ec990db3,2128415,2026-09-23,defect,1,2026-09-23 06:23:51.118044+00,2026-09-23 06:23:51.118044+00
d1f26146-e99a-41af-9471-9c80ec990db3,2128415,2026-09-23,done,20,2026-09-23 00:29:47.407506+00,2026-09-23 15:08:36.49184+00
d1f26146-e99a-41af-9471-9c80ec990db3,2128415,2026-09-23,sorted,11,2026-09-23 03:35:48.224553+00,2026-09-23 18:05:36.297057+00
d1f26146-e99a-41af-9471-9c80ec990db3,2128426,2026-09-23,cancelled,4,2026-09-23 08:44:48.470128+00,2026-09-27 12:30:43.919543+00
d1f26146-e99a-41af-9471-9c80ec990db3,2128426,2026-09-23,done,6,2026-09-23 05:05:49.006334+00,2026-09-23 16:35:36.581615+00
d1f26146-e99a-41af-9471-9c80ec990db3,2128426,2026-09-23,sorted,1,2026-09-23 14:11:35.824828+00,2026-09-23 14:11:35.824828+00
d1f26146-e99a-41af-9471-9c80ec990db3,2128452,2026-09-23,cancelled,9,2026-09-23 07:41:48.119412+00,2026-09-23 19:08:36.679465+00
d1f26146-e99a-41af-9471-9c80ec990db3,2128452,2026-09-23,done,9,2026-09-23 05:23:48.95178+00,2026-09-23 16:05:36.147948+00
d1f26146-e99a-41af-9471-9c80ec990db3,2128452,2026-09-23,sorted,1,2026-09-23 05:02:49.013299+00,2026-09-23 05:02:49.013299+00
d1f26146-e99a-41af-9471-9c80ec990db3,2067199,2026-09-24,cancelled,41,2026-09-23 21:48:52.193977+00,2026-09-24 19:36:37.981801+00
d1f26146-e99a-41af-9471-9c80ec990db3,2067199,2026-09-24,done,25,2026-09-23 21:12:52.024489+00,2026-09-24 18:27:38.705516+00
d1f26146-e99a-41af-9471-9c80ec990db3,2067199,2026-09-24,sorted,5,2026-09-24 03:03:52.425307+00,2026-09-24 19:36:37.981801+00
d1f26146-e99a-41af-9471-9c80ec990db3,2128415,2026-09-24,cancelled,14,2026-09-24 02:15:51.720017+00,2026-09-24 16:42:42.869638+00
d1f26146-e99a-41af-9471-9c80ec990db3,2128415,2026-09-24,done,18,2026-09-23 23:57:52.147719+00,2026-09-24 18:45:38.18943+00
d1f26146-e99a-41af-9471-9c80ec990db3,2128415,2026-09-24,sorted,7,2026-09-24 00:24:50.934955+00,2026-09-24 12:44:42.122943+00
d1f26146-e99a-41af-9471-9c80ec990db3,2128426,2026-09-24,cancelled,4,2026-09-24 01:00:52.08356+00,2026-09-24 14:37:23.907334+00
d1f26146-e99a-41af-9471-9c80ec990db3,2128426,2026-09-24,done,4,2026-09-24 04:57:52.623861+00,2026-09-24 18:48:37.634726+00
d1f26146-e99a-41af-9471-9c80ec990db3,2128426,2026-09-24,sorted,2,2026-09-24 09:55:56.230187+00,2026-09-24 19:45:37.891925+00
d1f26146-e99a-41af-9471-9c80ec990db3,2128452,2026-09-24,cancelled,7,2026-09-24 04:51:52.344144+00,2026-09-28 18:31:12.812284+00
d1f26146-e99a-41af-9471-9c80ec990db3,2128452,2026-09-24,done,9,2026-09-24 00:00:52.051398+00,2026-09-24 19:48:37.630859+00
d1f26146-e99a-41af-9471-9c80ec990db3,2067199,2026-09-25,cancelled,47,2026-09-24 21:48:37.531976+00,2026-09-25 20:31:20.83938+00
d1f26146-e99a-41af-9471-9c80ec990db3,2067199,2026-09-25,defect,3,2026-09-25 07:00:06.16132+00,2026-09-25 11:37:22.040559+00
d1f26146-e99a-41af-9471-9c80ec990db3,2067199,2026-09-25,done,43,2026-09-24 21:48:37.531976+00,2026-09-25 20:40:14.999351+00
d1f26146-e99a-41af-9471-9c80ec990db3,2067199,2026-09-25,sorted,13,2026-09-24 21:54:37.554037+00,2026-09-25 19:52:13.811447+00
d1f26146-e99a-41af-9471-9c80ec990db3,2128415,2026-09-25,cancelled,12,2026-09-25 01:54:13.592182+00,2026-09-25 13:52:14.856918+00
d1f26146-e99a-41af-9471-9c80ec990db3,2128415,2026-09-25,defect,1,2026-09-25 04:12:13.885107+00,2026-09-25 04:12:13.885107+00
d1f26146-e99a-41af-9471-9c80ec990db3,2128415,2026-09-25,done,19,2026-09-24 23:09:14.145389+00,2026-09-25 18:01:14.524117+00
d1f26146-e99a-41af-9471-9c80ec990db3,2128415,2026-09-25,sorted,9,2026-09-24 23:57:14.091116+00,2026-09-25 15:16:14.983571+00
d1f26146-e99a-41af-9471-9c80ec990db3,2128426,2026-09-25,cancelled,8,2026-09-25 10:52:14.183494+00,2026-09-25 20:04:14.965466+00
d1f26146-e99a-41af-9471-9c80ec990db3,2128426,2026-09-25,done,5,2026-09-25 04:21:14.085212+00,2026-09-25 14:55:15.068589+00
d1f26146-e99a-41af-9471-9c80ec990db3,2128426,2026-09-25,sorted,2,2026-09-25 05:57:13.948432+00,2026-09-25 11:40:15.333258+00
d1f26146-e99a-41af-9471-9c80ec990db3,2128452,2026-09-25,cancelled,6,2026-09-25 07:33:06.248612+00,2026-09-25 20:46:14.795838+00
d1f26146-e99a-41af-9471-9c80ec990db3,2128452,2026-09-25,done,5,2026-09-24 21:39:36.745346+00,2026-09-25 17:07:13.927357+00
d1f26146-e99a-41af-9471-9c80ec990db3,2128452,2026-09-25,sorted,2,2026-09-25 13:22:15.667109+00,2026-09-25 18:13:14.449674+00
d1f26146-e99a-41af-9471-9c80ec990db3,2067199,2026-09-26,cancelled,2,2026-09-25 21:37:13.580223+00,2026-09-25 22:19:14.352575+00
d1f26146-e99a-41af-9471-9c80ec990db3,2067199,2026-09-26,done,1,2026-09-25 21:10:14.323807+00,2026-09-25 21:10:14.323807+00
d1f26146-e99a-41af-9471-9c80ec990db3,2067199,2026-09-26,sorted,1,2026-09-25 21:04:14.321747+00,2026-09-25 21:04:14.321747+00
d1f26146-e99a-41af-9471-9c80ec990db3,2128415,2026-09-26,done,1,2026-09-25 22:31:14.542642+00,2026-09-25 22:31:14.542642+00
