wb_order_id,created_at_wb,created_at,deadline_at,updated_at,status,supplier_status,wb_status,mapping_status,reserve_status,supply_id,picked_at,packed_at,last_wb_sync_at
5865057392,2026-09-24 20:02:13+00,2026-09-24 20:03:35.70052+00,2026-09-29 20:02:13+00,2026-10-02 06:30:57.911039+00,new,new,waiting,mapped,no_stock,,,,
5865095684,2026-09-24 20:08:14+00,2026-09-24 20:09:34.610629+00,2026-09-29 20:08:14+00,2026-10-02 06:30:57.911039+00,new,new,waiting,mapped,reserved,,,,
5865221271,2026-09-24 20:29:43+00,2026-09-24 20:30:35.723718+00,2026-09-29 20:29:43+00,2026-10-02 07:29:19.94781+00,new,new,waiting,mapped,not_published,,,,
5865221272,2026-09-24 20:29:43+00,2026-09-24 20:30:35.723718+00,2026-09-29 20:29:43+00,2026-10-02 06:30:57.911039+00,new,new,waiting,mapped,reserved,,,,
5865221274,2026-09-24 20:29:43+00,2026-09-24 20:30:35.723718+00,2026-09-29 20:29:43+00,2026-10-02 07:29:19.94781+00,new,new,waiting,mapped,reserved,,,,
5865695824,2026-09-24 22:06:14+00,2026-09-24 22:09:11.868494+00,2026-09-29 22:06:14+00,2026-10-02 06:30:57.911039+00,new,new,waiting,mapped,reserved,,,,
5866444207,2026-09-25 03:45:07+00,2026-09-25 03:45:11.208063+00,2026-09-30 03:45:07+00,2026-10-02 06:30:57.911039+00,new,new,waiting,mapped,reserved,,,,
5866659527,2026-09-25 04:25:07+00,2026-09-25 04:27:11.960301+00,2026-09-30 04:25:07+00,2026-10-02 06:30:57.911039+00,new,new,waiting,mapped,reserved,,,,
5867046519,2026-09-25 05:22:49+00,2026-09-25 05:24:12.077348+00,2026-09-30 05:22:49+00,2026-10-02 07:29:19.94781+00,new,new,waiting,mapped,not_published,,,,
5867428958,2026-09-25 06:09:50+00,2026-09-25 06:12:11.811518+00,2026-09-30 06:09:50+00,2026-10-02 06:30:57.911039+00,new,new,waiting,mapped,reserved,,,,
5869532011,2026-09-25 10:03:19+00,2026-10-01 12:22:27.932462+00,2026-09-30 10:03:19+00,2026-10-02 06:30:57.911039+00,new,new,waiting,mapped,reserved,,,,
5870016994,2026-09-25 10:59:37+00,2026-10-01 12:22:27.932462+00,2026-09-30 10:59:37+00,2026-10-02 06:30:57.911039+00,new,new,waiting,mapped,reserved,,,,
5870387255,2026-09-25 11:43:05+00,2026-10-01 12:22:27.932462+00,2026-09-30 11:43:05+00,2026-10-02 06:30:57.911039+00,new,new,waiting,mapped,no_stock,,,,
5870616745,2026-09-25 12:09:59+00,2026-10-01 12:22:27.932462+00,2026-09-30 12:09:59+00,2026-10-02 06:30:57.911039+00,new,new,waiting,mapped,reserved,,,,
