wb_order_id,source,first_seen,last_seen,snapshots
5865057392,/api/v3/orders,2026-10-01 12:30:37.888585+00,2026-10-02 06:30:29.642421+00,4
5865057392,/api/v3/orders/new,2026-10-01 12:22:28.17544+00,2026-10-02 06:30:58.055866+00,5
5865095684,/api/v3/orders,2026-10-01 12:30:37.910386+00,2026-10-02 06:30:29.669255+00,4
5865095684,/api/v3/orders/new,2026-10-01 12:22:28.349907+00,2026-10-02 06:30:58.092744+00,5
5865221271,/api/v3/orders,2026-10-01 12:30:37.928953+00,2026-10-02 06:30:29.691963+00,4
5865221271,/api/v3/orders/new,2026-10-01 12:22:28.53984+00,2026-10-02 06:30:58.108724+00,5
5865221272,/api/v3/orders,2026-10-01 12:30:37.944404+00,2026-10-02 06:30:29.717165+00,4
5865221272,/api/v3/orders/new,2026-10-01 12:22:28.571036+00,2026-10-02 06:30:58.124164+00,5
5865221274,/api/v3/orders,2026-10-01 12:30:37.960263+00,2026-10-02 06:30:29.741656+00,4
5865221274,/api/v3/orders/new,2026-10-01 12:22:28.586131+00,2026-10-02 06:30:58.142859+00,5
5865695824,/api/v3/orders,2026-10-01 12:30:37.974356+00,2026-10-02 06:30:29.765993+00,4
5865695824,/api/v3/orders/new,2026-10-01 12:22:28.994256+00,2026-10-02 06:30:58.253206+00,5
5866444207,/api/v3/orders,2026-10-01 12:30:37.99373+00,2026-10-02 06:30:29.792218+00,4
5866444207,/api/v3/orders/new,2026-10-01 12:22:29.856887+00,2026-10-02 06:30:58.439385+00,5
5866659527,/api/v3/orders,2026-10-01 12:30:38.019355+00,2026-10-02 06:30:29.815664+00,4
5866659527,/api/v3/orders/new,2026-10-01 12:22:30.112374+00,2026-10-02 06:30:58.454236+00,5
5867046519,/api/v3/orders,2026-10-01 12:30:38.036638+00,2026-10-02 06:30:29.84523+00,4
5867046519,/api/v3/orders/new,2026-10-01 12:22:30.466003+00,2026-10-02 06:30:58.484134+00,5
5867428958,/api/v3/orders,2026-10-01 12:30:38.05628+00,2026-10-02 06:30:29.862849+00,4
5867428958,/api/v3/orders/new,2026-10-01 12:22:30.979813+00,2026-10-02 06:30:58.635178+00,5
5869532011,/api/v3/orders,2026-10-01 12:30:38.144801+00,2026-10-02 06:30:29.902875+00,4
5869532011,/api/v3/orders/new,2026-10-01 12:22:31.230426+00,2026-10-02 06:30:58.703732+00,5
5870016994,/api/v3/orders,2026-10-01 12:30:38.162789+00,2026-10-02 06:30:29.921863+00,4
5870016994,/api/v3/orders/new,2026-10-01 12:22:28.217734+00,2026-10-02 06:30:58.07492+00,5
5870387255,/api/v3/orders,2026-10-01 12:30:38.192938+00,2026-10-02 06:30:29.960037+00,4
5870387255,/api/v3/orders/new,2026-10-01 12:22:28.661044+00,2026-10-02 06:30:58.187448+00,5
5870616745,/api/v3/orders,2026-10-01 12:30:38.213156+00,2026-10-02 06:30:29.983374+00,4
5870616745,/api/v3/orders/new,2026-10-01 12:22:28.828254+00,2026-10-02 06:30:58.233675+00,5
