wb_order_id,price,wb_warehouse_id,created_at_wb,created_at,deadline_at,updated_at,status,supplier_status,wb_status,mapping_status,reserve_status,supply_id,pick_status,picked_at,pack_status,packed_at,last_wb_sync_at,product_id,warehouse_id,tenant_id
5845611061,144100,2100731,2026-09-23 05:18:02+00,2026-09-23 05:20:47.162553+00,2026-09-28 05:18:02+00,2026-10-01 12:30:40.694015+00,done,complete,sold,mapped,not_published,c5ceb5b0-c1b2-4178-99b8-f9c484778231,pending,,packed,2026-09-23 07:31:36.504898+00,2026-09-23 07:39:29.603923+00,ae172339-cfc2-43e2-b4d7-e1a84c0d09f3,2ed64bca-1dcf-496b-ab23-d460e48ed3eb,7b98a8aa-c03c-4649-9677-a645be45c622
5845788202,113800,2100731,2026-09-23 05:41:11+00,2026-09-23 05:41:47.099045+00,2026-09-28 05:41:11+00,2026-10-01 12:30:40.694015+00,done,complete,sold,mapped,not_published,c5ceb5b0-c1b2-4178-99b8-f9c484778231,pending,,packed,2026-09-23 07:31:36.390142+00,2026-09-23 07:39:29.603939+00,9be01a26-9ea5-4bf9-9ecf-494e11ddbbac,2ed64bca-1dcf-496b-ab23-d460e48ed3eb,7b98a8aa-c03c-4649-9677-a645be45c622
5846400832,151800,2100731,2026-09-23 06:53:17+00,2026-09-23 06:53:46.869257+00,2026-09-28 06:53:17+00,2026-10-01 12:30:40.694015+00,done,complete,sold,mapped,not_published,2e6f1023-c2be-41fd-a508-e80f04300855,pending,,pending,,2026-09-23 13:16:32.549854+00,c2cfc8d4-f813-426c-9472-39a49dc48055,2ed64bca-1dcf-496b-ab23-d460e48ed3eb,7b98a8aa-c03c-4649-9677-a645be45c622
5847051307,164800,2100731,2026-09-23 08:06:21+00,2026-09-23 08:08:45.855648+00,2026-09-28 08:06:21+00,2026-10-01 12:30:40.694015+00,done,complete,sold,mapped,not_published,2e6f1023-c2be-41fd-a508-e80f04300855,pending,,pending,,2026-09-23 13:16:32.549833+00,c2cfc8d4-f813-426c-9472-39a49dc48055,2ed64bca-1dcf-496b-ab23-d460e48ed3eb,7b98a8aa-c03c-4649-9677-a645be45c622
5847204835,169600,2100731,2026-09-23 08:23:39+00,2026-09-23 08:23:45.963993+00,2026-09-28 08:23:39+00,2026-10-01 12:30:40.694015+00,done,complete,sold,mapped,not_published,2e6f1023-c2be-41fd-a508-e80f04300855,pending,,pending,,2026-09-23 13:16:32.549844+00,84d60bbf-e2fd-4154-bea2-05cacb4db2e3,2ed64bca-1dcf-496b-ab23-d460e48ed3eb,7b98a8aa-c03c-4649-9677-a645be45c622
5848569307,155800,2100731,2026-09-23 10:58:52+00,2026-09-23 10:59:47.740582+00,2026-09-28 10:58:52+00,2026-10-01 12:30:40.694015+00,done,complete,sold,mapped,not_published,2e6f1023-c2be-41fd-a508-e80f04300855,pending,,pending,,2026-09-23 13:16:32.549806+00,ae172339-cfc2-43e2-b4d7-e1a84c0d09f3,2ed64bca-1dcf-496b-ab23-d460e48ed3eb,7b98a8aa-c03c-4649-9677-a645be45c622
5849272755,155200,2100731,2026-09-23 12:15:36+00,2026-09-23 12:17:46.907131+00,2026-09-28 12:15:36+00,2026-10-01 12:30:40.694015+00,sorted,complete,ready_for_pickup,mapped,not_published,2e6f1023-c2be-41fd-a508-e80f04300855,pending,,pending,,2026-09-23 13:16:32.549777+00,c2cfc8d4-f813-426c-9472-39a49dc48055,2ed64bca-1dcf-496b-ab23-d460e48ed3eb,7b98a8aa-c03c-4649-9677-a645be45c622
5849374649,147200,2100731,2026-09-23 12:27:12+00,2026-09-23 12:29:46.660868+00,2026-09-28 12:27:12+00,2026-10-01 12:30:40.694015+00,sorted,complete,ready_for_pickup,mapped,not_published,2e6f1023-c2be-41fd-a508-e80f04300855,pending,,pending,,2026-09-23 13:16:32.549815+00,ae172339-cfc2-43e2-b4d7-e1a84c0d09f3,2ed64bca-1dcf-496b-ab23-d460e48ed3eb,7b98a8aa-c03c-4649-9677-a645be45c622
5849515250,151800,2100731,2026-09-23 12:42:44+00,2026-09-23 12:44:46.688331+00,2026-09-28 12:42:44+00,2026-10-01 12:30:40.694015+00,done,complete,sold,mapped,not_published,2e6f1023-c2be-41fd-a508-e80f04300855,pending,,pending,,2026-09-23 13:16:32.549795+00,84d60bbf-e2fd-4154-bea2-05cacb4db2e3,2ed64bca-1dcf-496b-ab23-d460e48ed3eb,7b98a8aa-c03c-4649-9677-a645be45c622
5849819348,109200,2100731,2026-09-23 13:16:57+00,2026-09-23 13:17:46.701794+00,2026-09-28 13:16:57+00,2026-10-01 12:30:40.694015+00,done,complete,sold,mapped,not_published,0d6330a3-2083-4e0d-8cfa-c4f6d98898d7,pending,,packed,2026-09-24 05:49:46.336149+00,2026-09-24 07:45:37.686984+00,9be01a26-9ea5-4bf9-9ecf-494e11ddbbac,2ed64bca-1dcf-496b-ab23-d460e48ed3eb,7b98a8aa-c03c-4649-9677-a645be45c622
5849997585,4925,2100731,2026-09-23 13:36:50+00,2026-09-23 13:38:46.785673+00,2026-09-28 13:36:50+00,2026-10-01 12:30:40.694015+00,sorted,complete,ready_for_pickup,mapped,not_published,0d6330a3-2083-4e0d-8cfa-c4f6d98898d7,pending,,packed,2026-09-24 05:49:46.346852+00,2026-09-24 07:45:37.686994+00,9be01a26-9ea5-4bf9-9ecf-494e11ddbbac,2ed64bca-1dcf-496b-ab23-d460e48ed3eb,7b98a8aa-c03c-4649-9677-a645be45c622
5850091859,154000,2100731,2026-09-23 13:47:07+00,2026-09-23 13:47:55.176121+00,2026-09-28 13:47:07+00,2026-10-01 16:13:38.548757+00,done,complete,sold,mapped,not_published,0d6330a3-2083-4e0d-8cfa-c4f6d98898d7,pending,,packed,2026-09-24 05:49:46.416238+00,2026-09-24 07:45:37.686893+00,ae172339-cfc2-43e2-b4d7-e1a84c0d09f3,2ed64bca-1dcf-496b-ab23-d460e48ed3eb,7b98a8aa-c03c-4649-9677-a645be45c622
5850413813,153400,2100731,2026-09-23 14:24:42+00,2026-09-23 14:26:35.368868+00,2026-09-28 14:24:42+00,2026-10-01 12:30:40.694015+00,done,complete,sold,mapped,not_published,0d6330a3-2083-4e0d-8cfa-c4f6d98898d7,pending,,packed,2026-09-24 05:49:46.424569+00,2026-09-24 07:45:37.687003+00,ae172339-cfc2-43e2-b4d7-e1a84c0d09f3,2ed64bca-1dcf-496b-ab23-d460e48ed3eb,7b98a8aa-c03c-4649-9677-a645be45c622
5850627007,162900,2100731,2026-09-23 14:49:31+00,2026-09-23 14:53:34.974529+00,2026-09-28 14:49:31+00,2026-10-01 12:30:40.694015+00,done,complete,sold,mapped,not_published,0d6330a3-2083-4e0d-8cfa-c4f6d98898d7,pending,,packed,2026-09-24 05:49:46.543066+00,2026-09-24 07:45:37.686924+00,c2cfc8d4-f813-426c-9472-39a49dc48055,2ed64bca-1dcf-496b-ab23-d460e48ed3eb,7b98a8aa-c03c-4649-9677-a645be45c622
5851151175,157600,2100731,2026-09-23 15:49:44+00,2026-09-23 15:50:34.819899+00,2026-09-28 15:49:44+00,2026-10-01 12:30:40.694015+00,sorted,complete,ready_for_pickup,mapped,not_published,0d6330a3-2083-4e0d-8cfa-c4f6d98898d7,pending,,packed,2026-09-24 05:49:46.432733+00,2026-09-24 07:45:37.686935+00,ae172339-cfc2-43e2-b4d7-e1a84c0d09f3,2ed64bca-1dcf-496b-ab23-d460e48ed3eb,7b98a8aa-c03c-4649-9677-a645be45c622
5851345414,160000,2100731,2026-09-23 16:11:26+00,2026-09-23 16:11:34.668925+00,2026-09-28 16:11:26+00,2026-10-01 12:30:40.694015+00,done,complete,sold,mapped,not_published,0d6330a3-2083-4e0d-8cfa-c4f6d98898d7,pending,,packed,2026-09-24 05:49:46.128244+00,2026-09-24 07:45:37.686913+00,262e0c47-c8c3-4fec-baac-a832223af376,2ed64bca-1dcf-496b-ab23-d460e48ed3eb,7b98a8aa-c03c-4649-9677-a645be45c622
5851747831,156400,2100731,2026-09-23 16:55:44+00,2026-09-23 16:56:34.645048+00,2026-09-28 16:55:44+00,2026-10-01 12:30:40.694015+00,done,complete,sold,mapped,not_published,0d6330a3-2083-4e0d-8cfa-c4f6d98898d7,pending,,packed,2026-09-24 05:49:46.549442+00,2026-09-24 07:45:37.686964+00,c2cfc8d4-f813-426c-9472-39a49dc48055,2ed64bca-1dcf-496b-ab23-d460e48ed3eb,7b98a8aa-c03c-4649-9677-a645be45c622
5852071143,151200,2100731,2026-09-23 17:29:22+00,2026-09-23 17:29:35.025409+00,2026-09-28 17:29:22+00,2026-10-01 12:30:40.694015+00,done,complete,sold,mapped,not_published,0d6330a3-2083-4e0d-8cfa-c4f6d98898d7,pending,,packed,2026-09-24 05:49:46.438995+00,2026-09-24 07:45:37.687071+00,ae172339-cfc2-43e2-b4d7-e1a84c0d09f3,2ed64bca-1dcf-496b-ab23-d460e48ed3eb,7b98a8aa-c03c-4649-9677-a645be45c622
5852097121,142900,2100731,2026-09-23 17:32:05+00,2026-09-23 17:32:35.460647+00,2026-09-28 17:32:05+00,2026-10-01 12:30:40.694015+00,done,complete,sold,mapped,not_published,0d6330a3-2083-4e0d-8cfa-c4f6d98898d7,pending,,packed,2026-09-24 05:49:46.445265+00,2026-09-24 07:45:37.687081+00,ae172339-cfc2-43e2-b4d7-e1a84c0d09f3,2ed64bca-1dcf-496b-ab23-d460e48ed3eb,7b98a8aa-c03c-4649-9677-a645be45c622
5852604324,151900,2100731,2026-09-23 18:25:59+00,2026-09-23 18:26:35.288878+00,2026-09-28 18:25:59+00,2026-10-01 12:30:40.694015+00,done,complete,sold,mapped,not_published,0d6330a3-2083-4e0d-8cfa-c4f6d98898d7,pending,,packed,2026-09-24 05:49:46.454668+00,2026-09-24 07:45:37.687042+00,ae172339-cfc2-43e2-b4d7-e1a84c0d09f3,2ed64bca-1dcf-496b-ab23-d460e48ed3eb,7b98a8aa-c03c-4649-9677-a645be45c622
5852768631,147200,2100731,2026-09-23 18:44:10+00,2026-09-23 18:44:34.904862+00,2026-09-28 18:44:10+00,2026-10-01 12:30:40.694015+00,sorted,complete,ready_for_pickup,mapped,not_published,0d6330a3-2083-4e0d-8cfa-c4f6d98898d7,pending,,packed,2026-09-24 05:49:46.460799+00,2026-09-24 07:45:37.686944+00,ae172339-cfc2-43e2-b4d7-e1a84c0d09f3,2ed64bca-1dcf-496b-ab23-d460e48ed3eb,7b98a8aa-c03c-4649-9677-a645be45c622
5852776649,113100,2100731,2026-09-23 18:45:05+00,2026-09-23 18:47:35.622703+00,2026-09-28 18:45:05+00,2026-10-01 12:30:40.694015+00,sorted,complete,ready_for_pickup,mapped,not_published,0d6330a3-2083-4e0d-8cfa-c4f6d98898d7,pending,,packed,2026-09-24 05:49:46.235245+00,2026-09-24 07:45:37.686974+00,3c521c5d-247e-48b2-ad43-797e46d95da9,2ed64bca-1dcf-496b-ab23-d460e48ed3eb,7b98a8aa-c03c-4649-9677-a645be45c622
5852861216,112600,2100731,2026-09-23 18:54:45+00,2026-09-23 18:56:34.649407+00,2026-09-28 18:54:45+00,2026-10-01 12:30:40.694015+00,sorted,complete,ready_for_pickup,mapped,not_published,0d6330a3-2083-4e0d-8cfa-c4f6d98898d7,pending,,packed,2026-09-24 05:49:46.360057+00,2026-09-24 07:45:37.687023+00,9be01a26-9ea5-4bf9-9ecf-494e11ddbbac,2ed64bca-1dcf-496b-ab23-d460e48ed3eb,7b98a8aa-c03c-4649-9677-a645be45c622
5853086571,160300,2100731,2026-09-23 19:21:10+00,2026-09-23 19:23:30.089742+00,2026-09-28 19:21:10+00,2026-10-01 12:30:40.694015+00,done,complete,sold,mapped,not_published,0d6330a3-2083-4e0d-8cfa-c4f6d98898d7,pending,,packed,2026-09-24 05:49:46.470505+00,2026-09-24 07:45:37.687013+00,ae172339-cfc2-43e2-b4d7-e1a84c0d09f3,2ed64bca-1dcf-496b-ab23-d460e48ed3eb,7b98a8aa-c03c-4649-9677-a645be45c622
5853209102,157600,2100731,2026-09-23 19:36:34+00,2026-09-23 19:36:51.052054+00,2026-09-28 19:36:34+00,2026-10-01 12:30:40.694015+00,done,complete,sold,mapped,not_published,0d6330a3-2083-4e0d-8cfa-c4f6d98898d7,pending,,packed,2026-09-24 05:49:46.557595+00,2026-09-24 07:45:37.687051+00,c2cfc8d4-f813-426c-9472-39a49dc48055,2ed64bca-1dcf-496b-ab23-d460e48ed3eb,7b98a8aa-c03c-4649-9677-a645be45c622
5853240987,153400,2100731,2026-09-23 19:40:50+00,2026-09-23 19:42:50.914269+00,2026-09-28 19:40:50+00,2026-10-01 12:30:40.694015+00,done,complete,sold,mapped,not_published,0d6330a3-2083-4e0d-8cfa-c4f6d98898d7,pending,,packed,2026-09-24 05:49:46.47725+00,2026-09-24 07:45:37.687061+00,ae172339-cfc2-43e2-b4d7-e1a84c0d09f3,2ed64bca-1dcf-496b-ab23-d460e48ed3eb,7b98a8aa-c03c-4649-9677-a645be45c622
5853706575,151900,2100731,2026-09-23 20:59:05+00,2026-09-23 21:00:50.44797+00,2026-09-28 20:59:05+00,2026-10-01 12:30:40.694015+00,sorted,complete,ready_for_pickup,mapped,not_published,0d6330a3-2083-4e0d-8cfa-c4f6d98898d7,pending,,packed,2026-09-24 05:49:46.484464+00,2026-09-24 07:45:37.68709+00,ae172339-cfc2-43e2-b4d7-e1a84c0d09f3,2ed64bca-1dcf-496b-ab23-d460e48ed3eb,7b98a8aa-c03c-4649-9677-a645be45c622
5854157122,164800,2100731,2026-09-24 00:15:41+00,2026-09-24 00:15:50.294698+00,2026-09-29 00:15:41+00,2026-09-25 07:18:36.499574+00,sorted,complete,sorted,mapped,not_published,0d6330a3-2083-4e0d-8cfa-c4f6d98898d7,pending,,packed,2026-09-24 05:49:46.289291+00,2026-09-24 07:45:37.687032+00,84d60bbf-e2fd-4154-bea2-05cacb4db2e3,2ed64bca-1dcf-496b-ab23-d460e48ed3eb,7b98a8aa-c03c-4649-9677-a645be45c622
5854158265,116900,2100731,2026-09-24 00:16:27+00,2026-09-24 00:18:50.69411+00,2026-09-29 00:16:27+00,2026-09-25 07:18:36.499574+00,sorted,complete,sorted,mapped,not_published,0d6330a3-2083-4e0d-8cfa-c4f6d98898d7,pending,,packed,2026-09-24 05:49:46.369469+00,2026-09-24 07:45:37.6871+00,9be01a26-9ea5-4bf9-9ecf-494e11ddbbac,2ed64bca-1dcf-496b-ab23-d460e48ed3eb,7b98a8aa-c03c-4649-9677-a645be45c622
5854737624,117300,2100731,2026-09-24 03:51:38+00,2026-09-24 03:51:50.578607+00,2026-09-29 03:51:38+00,2026-10-01 12:30:40.694015+00,sorted,complete,ready_for_pickup,mapped,not_published,0d6330a3-2083-4e0d-8cfa-c4f6d98898d7,pending,,packed,2026-09-24 05:49:46.376853+00,2026-09-24 07:45:37.686954+00,9be01a26-9ea5-4bf9-9ecf-494e11ddbbac,2ed64bca-1dcf-496b-ab23-d460e48ed3eb,7b98a8aa-c03c-4649-9677-a645be45c622
5855615848,115500,2100731,2026-09-24 05:57:11+00,2026-09-24 05:57:50.321951+00,2026-09-29 05:57:11+00,2026-10-01 12:30:40.694015+00,done,complete,sold,mapped,not_published,efc7c95a-b42a-49b6-bc88-ac065d7e244d,pending,,packed,2026-09-24 12:29:44.383862+00,2026-09-24 12:35:31.017865+00,9be01a26-9ea5-4bf9-9ecf-494e11ddbbac,2ed64bca-1dcf-496b-ab23-d460e48ed3eb,7b98a8aa-c03c-4649-9677-a645be45c622
5856481030,137200,2100731,2026-09-24 07:32:46+00,2026-09-24 07:33:50.450915+00,2026-09-29 07:32:46+00,2026-09-25 03:50:39.428456+00,sorted,complete,sorted,mapped,not_published,efc7c95a-b42a-49b6-bc88-ac065d7e244d,pending,,packed,2026-09-24 12:29:44.430994+00,2026-09-24 12:35:31.017883+00,ae172339-cfc2-43e2-b4d7-e1a84c0d09f3,2ed64bca-1dcf-496b-ab23-d460e48ed3eb,7b98a8aa-c03c-4649-9677-a645be45c622
5856595402,145700,2100731,2026-09-24 07:44:45+00,2026-09-24 07:45:50.380275+00,2026-09-29 07:44:45+00,2026-10-01 12:30:40.694015+00,done,complete,sold,mapped,not_published,efc7c95a-b42a-49b6-bc88-ac065d7e244d,pending,,packed,2026-09-24 12:29:44.440592+00,2026-09-24 12:35:31.017894+00,ae172339-cfc2-43e2-b4d7-e1a84c0d09f3,2ed64bca-1dcf-496b-ab23-d460e48ed3eb,7b98a8aa-c03c-4649-9677-a645be45c622
5856724126,113100,2100731,2026-09-24 07:58:23+00,2026-09-24 08:00:50.341479+00,2026-09-29 07:58:23+00,2026-10-01 12:30:40.694015+00,sorted,complete,ready_for_pickup,mapped,released,efc7c95a-b42a-49b6-bc88-ac065d7e244d,pending,,packed,2026-09-24 12:29:44.287859+00,2026-09-24 12:35:31.017904+00,14535d89-988f-4bf9-aedc-7fb900303089,2ed64bca-1dcf-496b-ab23-d460e48ed3eb,7b98a8aa-c03c-4649-9677-a645be45c622
5856784773,137200,2100731,2026-09-24 08:05:01+00,2026-09-24 08:07:06.623113+00,2026-09-29 08:05:01+00,2026-10-01 12:30:40.694015+00,done,complete,sold,mapped,not_published,efc7c95a-b42a-49b6-bc88-ac065d7e244d,pending,,packed,2026-09-24 12:29:44.449987+00,2026-09-24 12:35:31.017914+00,ae172339-cfc2-43e2-b4d7-e1a84c0d09f3,2ed64bca-1dcf-496b-ab23-d460e48ed3eb,7b98a8aa-c03c-4649-9677-a645be45c622
5856811331,147300,2100731,2026-09-24 08:07:58+00,2026-09-24 08:13:54.364428+00,2026-09-29 08:07:58+00,2026-10-01 12:30:40.694015+00,done,complete,sold,mapped,not_published,efc7c95a-b42a-49b6-bc88-ac065d7e244d,pending,,packed,2026-09-24 12:29:44.462799+00,2026-09-24 12:35:31.017923+00,ae172339-cfc2-43e2-b4d7-e1a84c0d09f3,2ed64bca-1dcf-496b-ab23-d460e48ed3eb,7b98a8aa-c03c-4649-9677-a645be45c622
5857300412,6165,2100731,2026-09-24 09:00:51+00,2026-09-24 09:01:54.747989+00,2026-09-29 09:00:51+00,2026-10-01 12:30:40.694015+00,sorted,complete,ready_for_pickup,mapped,not_published,efc7c95a-b42a-49b6-bc88-ac065d7e244d,pending,,packed,2026-09-24 12:29:44.475263+00,2026-09-24 12:35:31.017933+00,ae172339-cfc2-43e2-b4d7-e1a84c0d09f3,2ed64bca-1dcf-496b-ab23-d460e48ed3eb,7b98a8aa-c03c-4649-9677-a645be45c622
5857919893,164800,2100731,2026-09-24 10:10:45+00,2026-09-24 10:17:41.350043+00,2026-09-29 10:10:45+00,2026-10-01 18:30:33.424023+00,done,complete,sold,mapped,not_published,efc7c95a-b42a-49b6-bc88-ac065d7e244d,pending,,packed,2026-09-24 12:29:44.340782+00,2026-09-24 12:35:31.017943+00,84d60bbf-e2fd-4154-bea2-05cacb4db2e3,2ed64bca-1dcf-496b-ab23-d460e48ed3eb,7b98a8aa-c03c-4649-9677-a645be45c622
5858071539,162900,2100731,2026-09-24 10:28:04+00,2026-09-24 10:29:39.895319+00,2026-09-29 10:28:04+00,2026-10-01 12:30:40.694015+00,done,complete,sold,mapped,not_published,efc7c95a-b42a-49b6-bc88-ac065d7e244d,pending,,packed,2026-09-24 12:29:44.513476+00,2026-09-24 12:35:31.017952+00,c2cfc8d4-f813-426c-9472-39a49dc48055,2ed64bca-1dcf-496b-ab23-d460e48ed3eb,7b98a8aa-c03c-4649-9677-a645be45c622
5861923239,142600,2100731,2026-09-24 14:01:27+00,2026-09-24 14:04:23.49104+00,2026-09-29 14:01:27+00,2026-10-02 06:30:57.911039+00,new,new,waiting,mapped,no_stock,,pending,,pending,,,ae172339-cfc2-43e2-b4d7-e1a84c0d09f3,2ed64bca-1dcf-496b-ab23-d460e48ed3eb,7b98a8aa-c03c-4649-9677-a645be45c622
5862353279,167100,2100731,2026-09-24 14:51:38+00,2026-09-24 14:52:22.781527+00,2026-09-29 14:51:38+00,2026-10-02 06:30:57.911039+00,new,new,waiting,mapped,reserved,,pending,,pending,,,84d60bbf-e2fd-4154-bea2-05cacb4db2e3,2ed64bca-1dcf-496b-ab23-d460e48ed3eb,7b98a8aa-c03c-4649-9677-a645be45c622
5862500381,112600,2100731,2026-09-24 15:09:09+00,2026-09-24 15:10:22.882067+00,2026-09-29 15:09:09+00,2026-10-02 07:29:19.94781+00,new,new,waiting,mapped,not_published,,pending,,pending,,,9be01a26-9ea5-4bf9-9ecf-494e11ddbbac,2ed64bca-1dcf-496b-ab23-d460e48ed3eb,7b98a8aa-c03c-4649-9677-a645be45c622
5864080333,170100,2100731,2026-09-24 18:04:44+00,2026-09-24 18:06:36.210151+00,2026-09-29 18:04:44+00,2026-10-02 06:30:57.911039+00,new,new,waiting,mapped,reserved,,pending,,pending,,,c2cfc8d4-f813-426c-9472-39a49dc48055,2ed64bca-1dcf-496b-ab23-d460e48ed3eb,7b98a8aa-c03c-4649-9677-a645be45c622
5864480612,139400,2100731,2026-09-24 18:48:50+00,2026-09-24 18:51:36.251309+00,2026-09-29 18:48:50+00,2026-10-02 06:30:57.911039+00,new,new,waiting,mapped,no_stock,,pending,,pending,,,ae172339-cfc2-43e2-b4d7-e1a84c0d09f3,2ed64bca-1dcf-496b-ab23-d460e48ed3eb,7b98a8aa-c03c-4649-9677-a645be45c622
5864550172,145200,2100731,2026-09-24 18:56:41+00,2026-09-24 18:57:36.012916+00,2026-09-29 18:56:41+00,2026-10-02 06:30:57.911039+00,new,new,waiting,mapped,no_stock,,pending,,pending,,,ae172339-cfc2-43e2-b4d7-e1a84c0d09f3,2ed64bca-1dcf-496b-ab23-d460e48ed3eb,7b98a8aa-c03c-4649-9677-a645be45c622
5865057392,137400,2100731,2026-09-24 20:02:13+00,2026-09-24 20:03:35.70052+00,2026-09-29 20:02:13+00,2026-10-02 06:30:57.911039+00,new,new,waiting,mapped,no_stock,,pending,,pending,,,ae172339-cfc2-43e2-b4d7-e1a84c0d09f3,2ed64bca-1dcf-496b-ab23-d460e48ed3eb,7b98a8aa-c03c-4649-9677-a645be45c622
5865095684,160400,2100731,2026-09-24 20:08:14+00,2026-09-24 20:09:34.610629+00,2026-09-29 20:08:14+00,2026-10-02 06:30:57.911039+00,new,new,waiting,mapped,reserved,,pending,,pending,,,c2cfc8d4-f813-426c-9472-39a49dc48055,2ed64bca-1dcf-496b-ab23-d460e48ed3eb,7b98a8aa-c03c-4649-9677-a645be45c622
5865221271,4914,2100731,2026-09-24 20:29:43+00,2026-09-24 20:30:35.723718+00,2026-09-29 20:29:43+00,2026-10-02 07:29:19.94781+00,new,new,waiting,mapped,not_published,,pending,,pending,,,9be01a26-9ea5-4bf9-9ecf-494e11ddbbac,2ed64bca-1dcf-496b-ab23-d460e48ed3eb,7b98a8aa-c03c-4649-9677-a645be45c622
5865221274,5241,2100731,2026-09-24 20:29:43+00,2026-09-24 20:30:35.723718+00,2026-09-29 20:29:43+00,2026-10-02 07:29:19.94781+00,new,new,waiting,mapped,reserved,,pending,,pending,,,3c521c5d-247e-48b2-ad43-797e46d95da9,2ed64bca-1dcf-496b-ab23-d460e48ed3eb,7b98a8aa-c03c-4649-9677-a645be45c622
5865221272,6913,2100731,2026-09-24 20:29:43+00,2026-09-24 20:30:35.723718+00,2026-09-29 20:29:43+00,2026-10-02 06:30:57.911039+00,new,new,waiting,mapped,reserved,,pending,,pending,,,c2cfc8d4-f813-426c-9472-39a49dc48055,2ed64bca-1dcf-496b-ab23-d460e48ed3eb,7b98a8aa-c03c-4649-9677-a645be45c622
5865695824,123200,2100731,2026-09-24 22:06:14+00,2026-09-24 22:09:11.868494+00,2026-09-29 22:06:14+00,2026-10-02 06:30:57.911039+00,new,new,waiting,mapped,reserved,,pending,,pending,,,14535d89-988f-4bf9-aedc-7fb900303089,2ed64bca-1dcf-496b-ab23-d460e48ed3eb,7b98a8aa-c03c-4649-9677-a645be45c622
5866444207,153900,2100731,2026-09-25 03:45:07+00,2026-09-25 03:45:11.208063+00,2026-09-30 03:45:07+00,2026-10-02 06:30:57.911039+00,new,new,waiting,mapped,reserved,,pending,,pending,,,262e0c47-c8c3-4fec-baac-a832223af376,2ed64bca-1dcf-496b-ab23-d460e48ed3eb,7b98a8aa-c03c-4649-9677-a645be45c622
5866659527,160400,2100731,2026-09-25 04:25:07+00,2026-09-25 04:27:11.960301+00,2026-09-30 04:25:07+00,2026-10-02 06:30:57.911039+00,new,new,waiting,mapped,reserved,,pending,,pending,,,84d60bbf-e2fd-4154-bea2-05cacb4db2e3,2ed64bca-1dcf-496b-ab23-d460e48ed3eb,7b98a8aa-c03c-4649-9677-a645be45c622
5867046519,118900,2100731,2026-09-25 05:22:49+00,2026-09-25 05:24:12.077348+00,2026-09-30 05:22:49+00,2026-10-02 07:29:19.94781+00,new,new,waiting,mapped,not_published,,pending,,pending,,,9be01a26-9ea5-4bf9-9ecf-494e11ddbbac,2ed64bca-1dcf-496b-ab23-d460e48ed3eb,7b98a8aa-c03c-4649-9677-a645be45c622
5867428958,6887,2100731,2026-09-25 06:09:50+00,2026-09-25 06:12:11.811518+00,2026-09-30 06:09:50+00,2026-10-02 06:30:57.911039+00,new,new,waiting,mapped,reserved,,pending,,pending,,,262e0c47-c8c3-4fec-baac-a832223af376,2ed64bca-1dcf-496b-ab23-d460e48ed3eb,7b98a8aa-c03c-4649-9677-a645be45c622
5867736560,149400,2100731,2026-09-25 06:44:12+00,2026-09-25 06:45:15.118641+00,2026-09-30 06:44:12+00,2026-10-01 12:30:40.694015+00,cancelled,new,canceled_by_client,mapped,no_stock,,pending,,pending,,,ae172339-cfc2-43e2-b4d7-e1a84c0d09f3,2ed64bca-1dcf-496b-ab23-d460e48ed3eb,7b98a8aa-c03c-4649-9677-a645be45c622
5868492426,110100,2100731,2026-09-25 08:06:49+00,2026-10-01 12:22:27.932462+00,2026-09-30 08:06:49+00,2026-10-02 07:29:19.94781+00,new,new,waiting,mapped,not_published,,pending,,pending,,,9be01a26-9ea5-4bf9-9ecf-494e11ddbbac,2ed64bca-1dcf-496b-ab23-d460e48ed3eb,7b98a8aa-c03c-4649-9677-a645be45c622
5869532011,165300,2100731,2026-09-25 10:03:19+00,2026-10-01 12:22:27.932462+00,2026-09-30 10:03:19+00,2026-10-02 06:30:57.911039+00,new,new,waiting,mapped,reserved,,pending,,pending,,,262e0c47-c8c3-4fec-baac-a832223af376,2ed64bca-1dcf-496b-ab23-d460e48ed3eb,7b98a8aa-c03c-4649-9677-a645be45c622
5870016994,164800,2100731,2026-09-25 10:59:37+00,2026-10-01 12:22:27.932462+00,2026-09-30 10:59:37+00,2026-10-02 06:30:57.911039+00,new,new,waiting,mapped,reserved,,pending,,pending,,,c2cfc8d4-f813-426c-9472-39a49dc48055,2ed64bca-1dcf-496b-ab23-d460e48ed3eb,7b98a8aa-c03c-4649-9677-a645be45c622
5870387255,146900,2100731,2026-09-25 11:43:05+00,2026-10-01 12:22:27.932462+00,2026-09-30 11:43:05+00,2026-10-02 06:30:57.911039+00,new,new,waiting,mapped,no_stock,,pending,,pending,,,ae172339-cfc2-43e2-b4d7-e1a84c0d09f3,2ed64bca-1dcf-496b-ab23-d460e48ed3eb,7b98a8aa-c03c-4649-9677-a645be45c622
5870616745,164800,2100731,2026-09-25 12:09:59+00,2026-10-01 12:22:27.932462+00,2026-09-30 12:09:59+00,2026-10-02 06:30:57.911039+00,new,new,waiting,mapped,reserved,,pending,,pending,,,c2cfc8d4-f813-426c-9472-39a49dc48055,2ed64bca-1dcf-496b-ab23-d460e48ed3eb,7b98a8aa-c03c-4649-9677-a645be45c622
5871023083,116900,2100731,2026-09-25 12:58:01+00,2026-10-01 12:22:27.932462+00,2026-09-30 12:58:01+00,2026-10-02 07:29:19.94781+00,new,new,waiting,mapped,not_published,,pending,,pending,,,9be01a26-9ea5-4bf9-9ecf-494e11ddbbac,2ed64bca-1dcf-496b-ab23-d460e48ed3eb,7b98a8aa-c03c-4649-9677-a645be45c622
5871164612,161000,2100731,2026-09-25 13:14:55+00,2026-10-01 12:22:27.932462+00,2026-09-30 13:14:55+00,2026-10-02 06:30:57.911039+00,new,new,waiting,mapped,reserved,,pending,,pending,,,262e0c47-c8c3-4fec-baac-a832223af376,2ed64bca-1dcf-496b-ab23-d460e48ed3eb,7b98a8aa-c03c-4649-9677-a645be45c622
5871268769,6896,2100731,2026-09-25 13:27:34+00,2026-10-01 12:22:27.932462+00,2026-09-30 13:27:34+00,2026-10-02 06:30:57.911039+00,new,new,waiting,mapped,reserved,,pending,,pending,,,c2cfc8d4-f813-426c-9472-39a49dc48055,2ed64bca-1dcf-496b-ab23-d460e48ed3eb,7b98a8aa-c03c-4649-9677-a645be45c622
5871348692,116900,2100731,2026-09-25 13:36:56+00,2026-10-01 12:22:27.932462+00,2026-09-30 13:36:56+00,2026-10-02 07:29:19.94781+00,new,new,waiting,mapped,not_published,,pending,,pending,,,9be01a26-9ea5-4bf9-9ecf-494e11ddbbac,2ed64bca-1dcf-496b-ab23-d460e48ed3eb,7b98a8aa-c03c-4649-9677-a645be45c622
5873540992,167600,2100731,2026-09-25 18:06:54+00,2026-10-01 12:22:27.932462+00,2026-09-30 18:06:54+00,2026-10-02 06:30:57.911039+00,new,new,waiting,mapped,reserved,,pending,,pending,,,c2cfc8d4-f813-426c-9472-39a49dc48055,2ed64bca-1dcf-496b-ab23-d460e48ed3eb,7b98a8aa-c03c-4649-9677-a645be45c622
5874068468,112400,2100731,2026-09-25 19:15:38+00,2026-10-01 12:22:27.932462+00,2026-09-30 19:15:38+00,2026-10-02 07:29:19.94781+00,new,new,waiting,mapped,not_published,,pending,,pending,,,9be01a26-9ea5-4bf9-9ecf-494e11ddbbac,2ed64bca-1dcf-496b-ab23-d460e48ed3eb,7b98a8aa-c03c-4649-9677-a645be45c622
5874075164,158400,2100731,2026-09-25 19:16:36+00,2026-10-01 12:22:27.932462+00,2026-09-30 19:16:36+00,2026-10-02 06:30:57.911039+00,new,new,waiting,mapped,reserved,,pending,,pending,,,c2cfc8d4-f813-426c-9472-39a49dc48055,2ed64bca-1dcf-496b-ab23-d460e48ed3eb,7b98a8aa-c03c-4649-9677-a645be45c622
