db_at,id,tenant_id,seller_id,product_id,storage_location_id,warehouse_id,quantity_delta,movement_type,created_at
2026-10-07 08:04:27.0274+00,02542eb4-3cde-4f3c-abc3-a5e14b954c92,b80a893b-ab87-42b6-8fd7-6d41502c900f,cf6d31c5-944b-4382-af34-636ca9aa8cc3,80fa2a1e-1974-4e6e-8497-2defd0176bd5,7d44fbc9-9c82-4ef1-bac7-4e47fe5de3c1,2d968c65-4a8d-414e-9076-0f201c2dba63,-1,fbs_shipment,2026-10-07 06:17:27.311613+00
2026-10-07 08:04:27.027422+00,04553936-c245-4300-8470-7b28388d480b,b80a893b-ab87-42b6-8fd7-6d41502c900f,cf6d31c5-944b-4382-af34-636ca9aa8cc3,80fa2a1e-1974-4e6e-8497-2defd0176bd5,7d44fbc9-9c82-4ef1-bac7-4e47fe5de3c1,2d968c65-4a8d-414e-9076-0f201c2dba63,-1,fbs_shipment,2026-10-07 06:17:27.311613+00
2026-10-07 08:04:27.027425+00,0d41ab28-857d-4b4e-abc7-276dc819acaa,b80a893b-ab87-42b6-8fd7-6d41502c900f,cf6d31c5-944b-4382-af34-636ca9aa8cc3,1a99998b-1576-4e7f-9f9a-cf9eaf14907e,7d44fbc9-9c82-4ef1-bac7-4e47fe5de3c1,2d968c65-4a8d-414e-9076-0f201c2dba63,-1,fbs_shipment,2026-10-07 06:17:27.311613+00
2026-10-07 08:04:27.027427+00,16ff70dd-6390-459a-ae92-9d1dc4bcd63d,b80a893b-ab87-42b6-8fd7-6d41502c900f,cf6d31c5-944b-4382-af34-636ca9aa8cc3,80fa2a1e-1974-4e6e-8497-2defd0176bd5,7d44fbc9-9c82-4ef1-bac7-4e47fe5de3c1,2d968c65-4a8d-414e-9076-0f201c2dba63,-1,fbs_shipment,2026-10-07 06:17:27.311613+00
2026-10-07 08:04:27.02743+00,4238549b-5c95-46ed-88e1-a84d236d9ba2,b80a893b-ab87-42b6-8fd7-6d41502c900f,cf6d31c5-944b-4382-af34-636ca9aa8cc3,80fa2a1e-1974-4e6e-8497-2defd0176bd5,7d44fbc9-9c82-4ef1-bac7-4e47fe5de3c1,2d968c65-4a8d-414e-9076-0f201c2dba63,-1,fbs_shipment,2026-10-07 06:27:22.537767+00
2026-10-07 08:04:27.027433+00,62c31439-5eba-44d7-91f2-5f18d42871db,b80a893b-ab87-42b6-8fd7-6d41502c900f,cf6d31c5-944b-4382-af34-636ca9aa8cc3,7e159b28-72f7-4f3c-8f92-ebca10e054db,7d44fbc9-9c82-4ef1-bac7-4e47fe5de3c1,2d968c65-4a8d-414e-9076-0f201c2dba63,-1,fbs_shipment,2026-10-07 06:27:22.537767+00
2026-10-07 08:04:27.027436+00,66829711-3c0b-49eb-8998-6257687869f5,b80a893b-ab87-42b6-8fd7-6d41502c900f,cf6d31c5-944b-4382-af34-636ca9aa8cc3,4d7e4a3d-954e-48f6-94a3-45729f2654d0,7d44fbc9-9c82-4ef1-bac7-4e47fe5de3c1,2d968c65-4a8d-414e-9076-0f201c2dba63,-1,fbs_shipment,2026-10-07 06:27:22.537767+00
2026-10-07 08:04:27.027449+00,6f703408-9714-4322-a61d-0ab65161f453,b80a893b-ab87-42b6-8fd7-6d41502c900f,cf6d31c5-944b-4382-af34-636ca9aa8cc3,4d7e4a3d-954e-48f6-94a3-45729f2654d0,7d44fbc9-9c82-4ef1-bac7-4e47fe5de3c1,2d968c65-4a8d-414e-9076-0f201c2dba63,-1,fbs_shipment,2026-10-07 06:27:22.537767+00
2026-10-07 08:04:27.027452+00,70375656-511f-4319-8f5c-c21e4e064691,b80a893b-ab87-42b6-8fd7-6d41502c900f,cf6d31c5-944b-4382-af34-636ca9aa8cc3,80fa2a1e-1974-4e6e-8497-2defd0176bd5,7d44fbc9-9c82-4ef1-bac7-4e47fe5de3c1,2d968c65-4a8d-414e-9076-0f201c2dba63,-1,fbs_shipment,2026-10-07 06:27:22.537767+00
2026-10-07 08:04:27.027455+00,70fcd5cb-3275-4300-9f1d-112d33e99b31,b80a893b-ab87-42b6-8fd7-6d41502c900f,cf6d31c5-944b-4382-af34-636ca9aa8cc3,2ccde129-ed49-44fd-8dcc-4dd092581e26,7d44fbc9-9c82-4ef1-bac7-4e47fe5de3c1,2d968c65-4a8d-414e-9076-0f201c2dba63,-1,fbs_shipment,2026-10-07 06:27:22.537767+00
2026-10-07 08:04:27.027458+00,7184e35e-6bc9-492b-a7d7-96cae88ce449,b80a893b-ab87-42b6-8fd7-6d41502c900f,cf6d31c5-944b-4382-af34-636ca9aa8cc3,4d7e4a3d-954e-48f6-94a3-45729f2654d0,7d44fbc9-9c82-4ef1-bac7-4e47fe5de3c1,2d968c65-4a8d-414e-9076-0f201c2dba63,-1,fbs_shipment,2026-10-07 06:17:27.311613+00
2026-10-07 08:04:27.027461+00,7b2d9cdf-d000-4df0-bca9-fdac1d006a91,b80a893b-ab87-42b6-8fd7-6d41502c900f,cf6d31c5-944b-4382-af34-636ca9aa8cc3,2ccde129-ed49-44fd-8dcc-4dd092581e26,7d44fbc9-9c82-4ef1-bac7-4e47fe5de3c1,2d968c65-4a8d-414e-9076-0f201c2dba63,-1,fbs_shipment,2026-10-07 06:27:22.537767+00
2026-10-07 08:04:27.027463+00,7f0e0b8d-17ea-4703-b4f3-e2138f7336db,b80a893b-ab87-42b6-8fd7-6d41502c900f,cf6d31c5-944b-4382-af34-636ca9aa8cc3,2ccde129-ed49-44fd-8dcc-4dd092581e26,7d44fbc9-9c82-4ef1-bac7-4e47fe5de3c1,2d968c65-4a8d-414e-9076-0f201c2dba63,-1,fbs_shipment,2026-10-07 06:17:27.311613+00
2026-10-07 08:04:27.027466+00,7fd41899-4efb-4c5b-a337-fe6f15a8d63f,b80a893b-ab87-42b6-8fd7-6d41502c900f,cf6d31c5-944b-4382-af34-636ca9aa8cc3,4d7e4a3d-954e-48f6-94a3-45729f2654d0,7d44fbc9-9c82-4ef1-bac7-4e47fe5de3c1,2d968c65-4a8d-414e-9076-0f201c2dba63,-1,fbs_shipment,2026-10-07 06:17:27.311613+00
2026-10-07 08:04:27.027469+00,80ec7b0b-318e-4754-87dd-ae6e12a10691,b80a893b-ab87-42b6-8fd7-6d41502c900f,cf6d31c5-944b-4382-af34-636ca9aa8cc3,2ccde129-ed49-44fd-8dcc-4dd092581e26,7d44fbc9-9c82-4ef1-bac7-4e47fe5de3c1,2d968c65-4a8d-414e-9076-0f201c2dba63,-1,fbs_shipment,2026-10-07 06:17:27.311613+00
2026-10-07 08:04:27.027471+00,9753a594-2c1e-4cf1-9e94-2eb6316d3fc5,b80a893b-ab87-42b6-8fd7-6d41502c900f,cf6d31c5-944b-4382-af34-636ca9aa8cc3,2ccde129-ed49-44fd-8dcc-4dd092581e26,7d44fbc9-9c82-4ef1-bac7-4e47fe5de3c1,2d968c65-4a8d-414e-9076-0f201c2dba63,-1,fbs_shipment,2026-10-07 06:27:22.537767+00
2026-10-07 08:04:27.027474+00,9b5c3cd9-a8a8-45a9-9585-21bf49f7b15c,b80a893b-ab87-42b6-8fd7-6d41502c900f,cf6d31c5-944b-4382-af34-636ca9aa8cc3,7e159b28-72f7-4f3c-8f92-ebca10e054db,7d44fbc9-9c82-4ef1-bac7-4e47fe5de3c1,2d968c65-4a8d-414e-9076-0f201c2dba63,-1,fbs_shipment,2026-10-07 06:17:27.311613+00
2026-10-07 08:04:27.027477+00,9dcf313c-d0bb-4984-ad91-e9625e59721e,b80a893b-ab87-42b6-8fd7-6d41502c900f,cf6d31c5-944b-4382-af34-636ca9aa8cc3,80fa2a1e-1974-4e6e-8497-2defd0176bd5,7d44fbc9-9c82-4ef1-bac7-4e47fe5de3c1,2d968c65-4a8d-414e-9076-0f201c2dba63,-1,fbs_shipment,2026-10-07 06:17:27.311613+00
2026-10-07 08:04:27.02748+00,a0010d3e-a695-472b-bc71-91555c3ad6ef,b80a893b-ab87-42b6-8fd7-6d41502c900f,cf6d31c5-944b-4382-af34-636ca9aa8cc3,2ccde129-ed49-44fd-8dcc-4dd092581e26,7d44fbc9-9c82-4ef1-bac7-4e47fe5de3c1,2d968c65-4a8d-414e-9076-0f201c2dba63,-1,fbs_shipment,2026-10-07 06:27:22.537767+00
2026-10-07 08:04:27.027482+00,a36cf06f-df25-46dc-8ebb-5d773752458c,b80a893b-ab87-42b6-8fd7-6d41502c900f,cf6d31c5-944b-4382-af34-636ca9aa8cc3,2ccde129-ed49-44fd-8dcc-4dd092581e26,7d44fbc9-9c82-4ef1-bac7-4e47fe5de3c1,2d968c65-4a8d-414e-9076-0f201c2dba63,-1,fbs_shipment,2026-10-07 06:27:22.537767+00
2026-10-07 08:04:27.027485+00,a4c439af-0bc3-4a8b-84f6-20c439ddf37a,b80a893b-ab87-42b6-8fd7-6d41502c900f,cf6d31c5-944b-4382-af34-636ca9aa8cc3,1a99998b-1576-4e7f-9f9a-cf9eaf14907e,7d44fbc9-9c82-4ef1-bac7-4e47fe5de3c1,2d968c65-4a8d-414e-9076-0f201c2dba63,-1,fbs_shipment,2026-10-07 06:17:27.311613+00
2026-10-07 08:04:27.027488+00,b72287ce-6781-40bb-a95e-4fe69ff789f7,b80a893b-ab87-42b6-8fd7-6d41502c900f,cf6d31c5-944b-4382-af34-636ca9aa8cc3,80fa2a1e-1974-4e6e-8497-2defd0176bd5,7d44fbc9-9c82-4ef1-bac7-4e47fe5de3c1,2d968c65-4a8d-414e-9076-0f201c2dba63,-1,fbs_shipment,2026-10-07 06:27:22.537767+00
2026-10-07 08:04:27.027491+00,d8eb8404-9b1f-4d1a-83cc-00be503b1635,b80a893b-ab87-42b6-8fd7-6d41502c900f,cf6d31c5-944b-4382-af34-636ca9aa8cc3,1a99998b-1576-4e7f-9f9a-cf9eaf14907e,7d44fbc9-9c82-4ef1-bac7-4e47fe5de3c1,2d968c65-4a8d-414e-9076-0f201c2dba63,-1,fbs_shipment,2026-10-07 06:27:22.537767+00
2026-10-07 08:04:27.027493+00,f307c5e7-68bf-4da0-ade7-fd3bb0b92c31,b80a893b-ab87-42b6-8fd7-6d41502c900f,cf6d31c5-944b-4382-af34-636ca9aa8cc3,4d7e4a3d-954e-48f6-94a3-45729f2654d0,7d44fbc9-9c82-4ef1-bac7-4e47fe5de3c1,2d968c65-4a8d-414e-9076-0f201c2dba63,-1,fbs_shipment,2026-10-07 06:27:22.537767+00
2026-10-07 08:04:27.027518+00,f31e1e21-4d75-4761-89b2-503bb5eff56a,b80a893b-ab87-42b6-8fd7-6d41502c900f,cf6d31c5-944b-4382-af34-636ca9aa8cc3,1a99998b-1576-4e7f-9f9a-cf9eaf14907e,7d44fbc9-9c82-4ef1-bac7-4e47fe5de3c1,2d968c65-4a8d-414e-9076-0f201c2dba63,-1,fbs_shipment,2026-10-07 06:27:22.537767+00
2026-10-07 08:04:27.027522+00,fd3f52a6-7350-4414-9277-4c0bd0b76043,b80a893b-ab87-42b6-8fd7-6d41502c900f,cf6d31c5-944b-4382-af34-636ca9aa8cc3,2ccde129-ed49-44fd-8dcc-4dd092581e26,7d44fbc9-9c82-4ef1-bac7-4e47fe5de3c1,2d968c65-4a8d-414e-9076-0f201c2dba63,-1,fbs_shipment,2026-10-07 06:17:27.311613+00
