db_at,id,document_id,source_event_id,source_kind,operation_code,item_quantity,idempotency_key,created_at
2026-10-06 11:36:32.558455+00,aeaf19be-59b5-4e05-af9b-1dc301576463,0d45ad7d-956e-4625-9dc5-f10c2e5b453a,0d45ad7d-956e-4625-9dc5-f10c2e5b453a,fbs_order,fbs_order,1,fbs-order:0d45ad7d-956e-4625-9dc5-f10c2e5b453a,2026-10-03 13:11:53.415869+00
2026-10-06 11:36:32.558477+00,9158e494-faea-4804-9f99-1b73d9c2cdd7,4c9f0057-d363-4ec3-9c9b-4006c7f50516,4c9f0057-d363-4ec3-9c9b-4006c7f50516,fbs_order,fbs_order,1,fbs-order:4c9f0057-d363-4ec3-9c9b-4006c7f50516,2026-10-06 06:26:58.588962+00
2026-10-06 11:36:32.558479+00,05e5c2b4-d548-4e3b-9eb9-f2e95fa5091f,6444a2d9-23e0-4ddf-aa43-87abd03f27a7,6444a2d9-23e0-4ddf-aa43-87abd03f27a7,fbs_order,fbs_order,1,fbs-order:6444a2d9-23e0-4ddf-aa43-87abd03f27a7,2026-10-06 08:57:04.811753+00
2026-10-06 11:36:32.55848+00,d6b6ea09-64fa-40ea-8e37-bfc21ab5b6a2,6c283f46-7f5b-4620-a322-096f37027c8c,6c283f46-7f5b-4620-a322-096f37027c8c,fbs_order,fbs_order,1,fbs-order:6c283f46-7f5b-4620-a322-096f37027c8c,2026-10-05 11:56:29.168239+00
2026-10-06 11:36:32.558481+00,b94a8939-c770-4c9a-9c0b-421a7061ebc5,870e99a1-6435-4291-ac7d-cf0a81ab0572,870e99a1-6435-4291-ac7d-cf0a81ab0572,fbs_order,fbs_order,1,fbs-order:870e99a1-6435-4291-ac7d-cf0a81ab0572,2026-10-04 07:55:34.477459+00
2026-10-06 11:36:32.558483+00,e4a12a1a-84b2-4b85-b812-7ac450fe6596,89d0cf5c-8811-4ef7-8420-6aa7037b21c6,89d0cf5c-8811-4ef7-8420-6aa7037b21c6,fbs_order,fbs_order,1,fbs-order:89d0cf5c-8811-4ef7-8420-6aa7037b21c6,2026-10-04 15:16:24.626152+00
2026-10-06 11:36:32.558484+00,77d63945-1cfd-4adc-8f2b-68a4277363da,b7216c03-b13d-49d8-a3e8-a7c99c29bda6,b7216c03-b13d-49d8-a3e8-a7c99c29bda6,fbs_order,fbs_order,1,fbs-order:b7216c03-b13d-49d8-a3e8-a7c99c29bda6,2026-10-04 14:56:33.250416+00
2026-10-06 11:36:32.558485+00,a47aaada-0aa6-4434-b100-4343acb4bdfc,c2d7a754-f334-431f-89ed-5e47d3e0c7a4,c2d7a754-f334-431f-89ed-5e47d3e0c7a4,fbs_order,fbs_order,1,fbs-order:c2d7a754-f334-431f-89ed-5e47d3e0c7a4,2026-10-06 09:36:54.326881+00
2026-10-06 11:36:32.558494+00,105d1582-4ed4-49de-ba43-5c7216d41472,ccdd5eaf-cd9b-456c-8415-0868a52fa0af,ccdd5eaf-cd9b-456c-8415-0868a52fa0af,fbs_order,fbs_order,1,fbs-order:ccdd5eaf-cd9b-456c-8415-0868a52fa0af,2026-10-03 17:52:34.739604+00
2026-10-06 11:36:32.558496+00,fb5d0cef-4386-4f4d-919f-2e5a0531cbdc,d46f4e6a-c28c-4ec6-a8b7-3c9734528f53,d46f4e6a-c28c-4ec6-a8b7-3c9734528f53,fbs_order,fbs_order,1,fbs-order:d46f4e6a-c28c-4ec6-a8b7-3c9734528f53,2026-10-04 15:46:17.955097+00
2026-10-06 11:36:32.558497+00,2781a4fd-073a-4fe6-aac4-60694fc88702,e203f00e-db36-46c0-aa1b-192539ab88b8,e203f00e-db36-46c0-aa1b-192539ab88b8,fbs_order,fbs_order,1,fbs-order:e203f00e-db36-46c0-aa1b-192539ab88b8,2026-10-05 14:25:57.910078+00
