marking_id,order_id,srid,saleID,sale_date,lastChangeDate,finishedPrice,product_cost_kopecks,cis_sha256,active_claim
076e540e-a663-4b4e-acac-c76f1bc32b47,a95233d9-be7c-4c73-8a01-d02956f6c987,eA0.d7ea38d62be444342bc7cf72f3c90244f.0.0,S25506745283,2026-10-04T13:45:19,2026-10-04T14:03:49,1275,127500,f3e8e4628220edbd5d00aa6ded6af18ecfa4d0aeb7f4f409141481e6c402b6fb,False
0d2b2f9f-799c-476c-b4f8-8090efff5ddb,2fe7f08b-d536-4547-bfc9-d58291624290,eN.re107d525a1d14235a0841403f2bac26b.0.0,S25525050499,2026-10-05T17:05:21,2026-10-05T17:30:23,1401,140100,0e14ecb021c1b35eb5cf2469a6b178a768fb53c88638213d36cfcf3e7fbc0581,False
1448adff-ab8f-4b98-bb93-ff1c94884354,ec657990-4f1a-4f38-b45a-1134dfc698fa,eD.r8317eb46ad53493c8922c14751d774fa.1.0,S25498423696,2026-10-03T17:43:50,2026-10-03T18:03:03,1280,128000,214e35e21431590c5af4f0147e5f3dffd48949fedad9b103a02f8ca777328a50,False
16ac02f7-d28c-4ad7-a2d1-1de398b91b10,24a1520b-f3d9-4ea2-a9f0-54961181be3f,eBA.rc1095bd429b84b3f911943c483df397e.0.0,S25490665034,2026-10-03T11:05:40,2026-10-03T11:28:39,1321,132100,3051873cddd737c48eeeac7a5cd0345d51ca33f39801a15191f4a2ba450230b2,False
194cec2f-a1fe-455f-adea-8c18c47af7c4,da16c12c-7774-4451-a5f5-7ae3c21380b0,eb3.id7b782d93442bd3717a6212ff1768190.0.0,S25483808515,2026-10-02T17:24:09,2026-10-02T17:43:55,1374,137400,bf3f59758fa100cb1b799c49e9f4b0164b0d61618c778fa807450dc8ef56cf89,False
1b7364c8-3cd5-4df2-8f82-6d5920686b67,94bd79e0-cc5e-412f-a1f4-721aebc12d3c,ebI.r6e15db4e226f410eb023e52e8e3469d8.1.0,S25519729941,2026-10-05T13:00:50,2026-10-05T13:20:40,1632,163200,a9424bfa852f35a84ecfb3e556fe0fab097a67ca75c13dd4546b3a9c6b5286b1,False
1d31f59a-61c1-44fe-aabf-d8fed9393f22,90c95220-94d6-4008-b445-4c78606e891b,er.rb7f7a1d56f654813bbebc854679fd955.2.0,S25486659331,2026-10-02T19:32:15,2026-10-02T19:50:59,1677.16,167716,fb4d8ca366ebe90cb539c871c29c133d9686aad0f1bdc9e4631cebd2f0f3136d,False
20765aea-1118-41c0-83b2-539747460d80,1919614e-a02b-4197-b0f3-19f49d18896b,eQ.r21441f935495425fab65b78b2c7f03e6.1.0,S25485468981,2026-10-02T18:30:35,2026-10-02T18:51:22,1014,101400,56dcbf26a69b02b0bb8c734756634debf9506d9097bebabd01d45e5f91640a0c,False
2203a0ff-70fd-4bc5-a1dd-cf2e2b99f865,a9da7480-eaac-43b1-afbe-44e47296a453,ev.r3b8c253b9bed4554bf3644a16410caed.0.0,S25526812062,2026-10-05T18:15:58,2026-10-05T18:34:10,1506,150600,36dc14491050ff5cc2cda1a60273aa5c79cf11a4d8a67d4c7a06d79d91930be9,False
22c8da44-6926-4990-afc7-9dc17597d4b1,c2121534-e4c9-4921-91d7-e9be6f63bc52,ebP.r536621b763084b7da3dfaf224831d83e.0.0,S25528802808,2026-10-05T19:58:54,2026-10-05T20:20:08,1315,131500,832347eaba2ed0680d6a4eaad8eaad098a668096a0f984f53e77edd12b7a4140,False
249ccc60-7b88-4c4f-9951-1645943d62d2,8a93d603-6d5f-4a55-9220-73fc6aa8976d,ecb.rd0abf372cbef48b9a4a384c8426be99f.1.0,S25479372745,2026-10-02T14:12:54,2026-10-02T14:29:13,1321,132100,14291c7ae2bbb501e8780a3258b14f24cf307f4d403f82fe20bbbed93c436f7e,False
2a711328-07d8-4d18-98b3-de5d5286cb8e,d95709eb-a2bf-4895-bcd4-d0c46ac0de4d,eBw.dde94ea5a63b04506aeab240ef1efffdb.0.0,S25483138708,2026-10-02T16:59:02,2026-10-02T17:21:14,1445,144500,b1ad2f8f4d55eda3a693c2d170743457a0c0552ff29e8e556b4b14d11ae55158,False
2d7f9070-3296-4e0a-9b37-f9caa732fa64,ea6a74e0-c325-4c57-b2fa-ea35f87ff7bd,eb7.r7ecf6c4cac5540589aec32ea413eb791.1.0,S25458091701,2026-09-30T19:53:52,2026-09-30T20:11:44,1367,136700,b3784c7fc93031f89ea87ecc6b5a7dc384b37786a8435634263d48928145d498,False
2dc9344b-0445-43e6-a142-703018d48631,b83ab8d0-6da5-48e5-8e59-900868207021,ebl.i61617f73b8d62c5ecacfe8e852b7d637.0.0,S25446878462,2026-09-30T10:22:06,2026-09-30T10:35:22,1485,148500,441dea9043122950abea70c6d02aa4718b556ffc3d1c4dc72b3c41113e444a4d,False
2f47bddf-0f62-453c-a90f-4b016c9ccea0,59aaa7e7-47a7-438b-b7aa-2d1eda7170f9,e0.ie81e5b6eb3aa451c05d6f49a74028896.0.0,S25356050191,2026-09-23T14:37:02,2026-09-23T14:58:12,1590,159000,2a3d04528ebb2f3a886c16b2a4b52fdf62176b735e0b9caa1d2ca4bdce916f45,False
39281325-87f0-4cdd-a968-6e1abe55cdbe,5ba45015-71ed-49fa-ad3f-0c9a5d1ec4b1,eT.i5f17cd75742586fce0cf4c26466542fb.0.0,S25529261660,2026-10-05T20:34:07,2026-10-05T20:57:28,1540,154000,cc085882cdcc8ae811889806e483f144fcae1ae31b2c9f256c21565c32d78e54,False
3bb90f51-e57b-4d62-858f-f9893e4700cf,8ce826ab-21eb-4e74-9203-0a90a4cf42b2,eBQ.i996820472e69686a8d34cb3980f4028c.0.0,S25448741830,2026-09-30T12:18:35,2026-09-30T12:33:18,1419,141900,691184200aa35191d7c0ee6e05c7a561e124f893b59e0898a9198cbd04ba064c,False
3db6a144-c80d-4ffe-82ff-48fd464c9b9e,4404a023-d281-4843-a12d-71a2df39393f,eBh.r6a555e146e18467a8d1638d550de6b1a.0.0,S25442854863,2026-09-29T18:33:45,2026-09-30T05:31:48,1336,133600,7d4fdf19d41db2351216da6bf1539cdd36237bd045c6082e3d83af760b181373,False
4c2424e6-8694-4ce8-a4ae-bf8c26ff12f5,c0ab4ab3-d1d4-4fb8-b557-395d95f81a53,ebE.ia87b47cf45759e26de6aeff98360b2a2.0.0,S25465409896,2026-10-01T14:55:42,2026-10-01T15:15:39,1515,151500,8c3fd54afbf1177dcf6e1563a659333169bd51a0bcfd49a946883715b2f59cd1,False
4e7d9860-af10-4e94-ac80-69d477cf4732,1ed9dc6c-7cd6-4dd5-81e6-f1ae8aef31c5,ebO.r28115e62d71f4d3da22b077b67073b1b.2.0,S25507028257,2026-10-04T13:56:24,2026-10-04T14:15:20,1053,105300,630e0c2723fa3df461c6c62324d719c7a8b24774792fd4fbf4a4f34f45e9fa5f,False
5358c1aa-8ec1-45b6-8575-c5929eaa1a50,0b4d63df-e46d-454b-bf80-74fa90b851f5,eBr.m258a016340594bff9ff1cb851cc328f1.3.0,S25505128818,2026-10-04T12:24:12,2026-10-04T12:45:40,1457,145700,2047afec09956e0a1a5ba0eec1d9eddb941a58cd8849c80371307630fff0fb84,False
5ace981a-716f-4776-80cf-4e7d3a5e964a,956e3f70-3c79-4ec3-b426-532ffe8228e2,eAq.r63a08b6dde9b48c2a550d9f7cfa2f1a0.0.0,S25523483234,2026-10-05T16:01:30,2026-10-05T16:23:09,1330,133000,bca64ebf6b87dcf63956cf2f814f384714cc3c8e9d3a19c83d00052fb5cd4532,False
5f2ab33c-8977-4004-b933-cc9e659f081a,18c0faf3-da21-455d-9fcf-0f25e7d3d42f,eAM.i3de8e911093505a2ba21bab8c93ccb5c.0.0,S25454373005,2026-09-30T17:02:45,2026-09-30T17:22:18,1258,125800,f58ac42ba97db948260b3e47da20b19c9492ebbd2f873c36df3bb0b77971f78d,False
61ccae09-7fba-4d12-b07a-64f77199e888,829a4824-2554-41bb-8b32-18356567ac4e,eBy.raed59705cb074fb2842e770f911c0375.0.0,S25482316975,2026-10-02T16:27:50,2026-10-02T16:43:36,1276,127600,2cb6410bf3b01c31acdfa7ca55c07b49e8949723925800608896d820cf3ecbd3,False
654d84c2-2e3b-4666-81d8-1d3de30a5ddf,90e9cea1-54d2-408c-9e9a-a32f1ce00a39,ebK.r8e0cb79001e04e1e92d98fd2233279a5.0.0,S25483119941,2026-10-02T17:03:00,2026-10-02T17:21:12,1372,137200,4f643499d3999f0455c3712276cc847690280edff10e51e0bbc0fa60414271e8,False
6715f91a-3dd4-403f-830e-4872ffbec08c,a0f000ea-3838-4c73-bc8d-13cf725b3684,eAg.rb72b7227aaec485b8d995d69b59e9d30.0.0,S25528041415,2026-10-05T19:18:37,2026-10-05T19:32:59,1339,133900,1946dd06f1e3cc33b2628744727f8d26b332a0e0bcc7acac4709236e434af62a,False
677a666e-bc7a-454b-8854-b54db56e0773,40f9a6a0-b3dd-40c2-9918-b0a9591b0e3e,ea.r3299bde654a84a3797812770e6dff5b1.0.0,S25370005913,2026-09-24T15:17:10,2026-09-24T15:33:00,1590,159000,3a7e97b3f402567b6b1295c6af21a2da367eccdda6308f89ad6d78c977badf30,False
68b5caae-b6f4-4551-8fd4-5c582cd67861,ee630fee-d144-4405-8fb2-91af08f10945,et.i30797424b77aa8651d9b9a2c1044513b.0.0,S25466149014,2026-10-01T15:30:55,2026-10-01T15:50:56,1689.06,168906,be74dcc12211cbb6b8e6dfcdb78655c2ec4109853e72cb2ce75d55df688e388f,False
6990f114-490f-4c26-9e27-9c2a01d68535,acd021ed-37b9-41e7-9f6b-c3bcf0a764b4,eA7.r60bab8826fe744b4940dcc6710755c85.0.0,S25491551170,2026-10-03T11:50:46,2026-10-03T12:06:39,1942.79,194279,b8f94f2ef4c3feec00a0b54dfa6d4dfec479799be937bcc5ac0431dec6596519,False
6b666902-daba-4147-83ea-26cb770290dc,425ecc75-48e8-45c4-95d8-666aabee2fc0,ebO.r5f80ee80d3244866ad786f39659c5900.0.0,S25530259620,2026-10-06T08:25:32,2026-10-06T08:40:05,1342,134200,2b52f9cb7770d69abe582f3382d5880f1b78edab3d6c7f30737d1287afc1bdb8,False
6c5b9ad3-d9d9-47af-a62e-5fe00cdde91a,034e8081-0a25-4df1-905c-e2091e2433b2,eBN.rb9d2f808826040edbf481404dfa0882d.0.0,S25500538506,2026-10-03T20:19:35,2026-10-03T20:37:40,1241,124100,b7a70ba06506bf922c38a9b7596ede35bdb95962df3e89b2b22e0eb171e48c54,False
7389967b-1e87-4b66-9797-c9d641b99e9f,85f9bf69-fc5f-4fb4-ae87-4c8b9e200277,eBy.ra01e8e30570443b885c05a19681f854b.0.0,S25464117133,2026-10-01T13:45:56,2026-10-01T14:03:22,1425,142500,128662ba71e93f0f575cc12a7ae43265ca5ead6950f1573eedc19b23cca28258,False
76dbb4e8-a225-4b9e-ac26-3263dd4eaef3,c1cc0186-f09c-4b0d-93a7-709c4e149606,ebO.id425bf06485b1fc293c3a8cee3f8a460.0.0,S25425132045,2026-09-28T15:46:11,2026-09-28T16:03:19,1485,148500,a1241c651ead43d12e91e040145842bcb811252029d4380cddfd27f0f64381fe,False
795de647-69e7-402f-aef7-d94686d21181,09963d04-33d2-4176-8c7f-6d479d38f4ea,eAI.i8c63420e2d3bae32c04c7270319fc687.1.0,S25501198288,2026-10-04T06:17:12,2026-10-04T07:05:42,1136,113600,593d3fa9e54935fd958bae592888310043a8ed2413f06491e34aaf1ce2c15910,False
79ea2e70-afc8-4ac4-a778-b6271f9f2ef8,092478a4-df78-4357-82f5-591d715dfa60,eAs.r90758f134924418287429f0167879ba7.1.0,S25476756900,2026-10-02T12:16:54,2026-10-02T12:33:19,1425,142500,eb215ad69f135bc0981507ebc3cc5ea9064230cfc629b8873d985d90fab579d9,False
7c8880ee-fe16-43c0-9db5-47dda2c3a5e0,df6515f3-d03b-454a-9bba-fa46ec68dbdd,eAy.radbd7d03a7324fb3975ce0a260bf72a4.0.0,S25498382253,2026-10-03T17:44:39,2026-10-03T18:02:57,1493,149300,2390ddb72c7e3e81532f5c7be6f11e1603ba4832207e1cd9e47d0da01159002e,False
81892e40-c34f-4417-bbc1-c85688454ae8,b9dff07c-a296-4873-a932-2a9012631c18,eX.rccc2cb45a6ef41fa8bd06d65c05c3f1a.5.0,S25513787322,2026-10-04T19:35:01,2026-10-04T19:57:43,1324,132400,f1f16dbf26352511f13863b58978b58f1129d970142aa1fc607e6e8d52436b67,False
81a42d48-6231-466a-98c8-480f07ca0eb8,005cdc84-08d5-4dab-9e88-f7c7a1111846,ecD.rc99965dbfe9c45b1829bb29fad0ceccb.0.0,S25461371807,2026-10-01T11:08:06,2026-10-01T11:28:13,1139,113900,e1d299220e3a5b1055e42b4336eaf458cfa9f5eb13957ac9dbc4c4236a0127f1,False
895b16d1-0b18-4e88-9a40-7ef5f3c2bf3c,2a021a8b-1761-49c1-b279-05aabb8a8615,eO.i70c274288ebec516259b1a566afecc43.2.0,S25458268663,2026-09-30T20:08:45,2026-09-30T20:23:09,1468,146800,ffca5d542c1af6e21c0bcc358a39260d148bc31a56b5da66bec15a411423a6bf,False
8a55696a-0cd5-4325-af2b-50500acb2cfc,96de9335-d5c5-4e50-8a9a-f057e45e8558,e1.r5d24dc9c8297469581ff94999194fb6f.0.0,S25490249898,2026-10-03T10:47:37,2026-10-03T11:03:00,1297,129700,10e0f9f458e9383296f9ec3cab2cfebc3fecf948c5a743436922eda5ec63b9e7,False
8adb7728-8fa5-4a99-a6b9-a8335f176668,0832dc47-d5a3-4f99-963d-19729732f4e2,ei.ra0cc9fdc7d8c4ccea045d1696c0975ef.29.0,S25527498925,2026-10-05T18:48:07,2026-10-05T19:08:47,1236,123600,58e06fb483a6bbb6ae6b860156ccb1f3e5a11d93b2e5da0fb7bab00ac3f3c614,False
8cb4ac19-699b-4ff1-aa94-53c6e790874e,ae4fe56a-ed11-49f3-a3f4-78a6ced77c39,ebJ.rc17a816965574ba6bc95b38a11b9013d.0.0,S25475412521,2026-10-02T11:13:18,2026-10-02T11:28:28,1223,122300,d07c59480ec66a07418afda10e538987c21f6a3354c68289eceb54c26b71d289,False
8f174987-f7cf-4f23-99f3-63ef54584a97,85a051ee-6bf7-445a-af4b-e29b2e8e4077,ecC.icabb17e2c14e703acf8ae0949cf4a9db.0.0,S25458046939,2026-09-30T19:51:39,2026-09-30T20:08:33,1430,143000,e6d0797101ed10bba8ffc95b56cd7bbf2b2eed95df4c05b8e26296e968ff0ba5,False
924d6a02-b1a9-49ce-9fe2-095d9339209f,97d7e5fa-9641-4bc9-90fe-4c1e40317f9e,eAS.rbe3a1e45772540efa01c4063a2e66164.0.0,S25508254205,2026-10-04T14:57:39,2026-10-04T15:14:51,1292,129200,ad1aaf6925ab00b126ab430cbc8321954b1fbccb7caa336e38eea1952d4fde61,False
92a3cf94-380c-47e5-8bc9-b1131d6edb91,26f0dd66-6987-486b-a641-dd6490416dc0,eg.i26156831cc4264e15863cabe2fbdc64c.1.0,S25531083120,2026-10-06T10:12:55,2026-10-06T10:27:39,1490,149000,4be9e2f20ffdc0afa2aacd158c1f1cba3e3121d3f9d9941596af658d6e193912,False
943280fe-2324-42cf-8d48-f3eeb2d472a3,52caea32-1688-4575-9396-b6092da4450d,eAO.if5b62d574bb3e354a978f64786b237b5.0.0,S25495410068,2026-10-03T15:02:16,2026-10-03T15:17:34,1196,119600,b0ecd893f2629d65cf50ccda7424d379aaa84fd816e5edf484474cad8d830bcc,False
9680c1e7-45c7-4199-a31f-4166c2e8ba5c,44940a63-51e8-48d7-bc7c-90d654bbd5a0,eH.r102b0dd4add7403ab70b45abf357fdb1.0.0,S25507057741,2026-10-04T13:54:17,2026-10-04T14:15:26,1349,134900,a94a555d3d5f5f16e6f3f05d1371f1c8dadac3c6420dc821c47720b1b5249714,False
9cfeb72a-197c-41cf-9402-89792a729d8e,1517491c-e009-41a0-8ad3-3f5bfcbaceb6,eba.r88f96a4c085745cea0eab2d5509c886f.0.0,S25457209022,2026-09-30T19:08:04,2026-09-30T19:21:34,1513,151300,0c5c0a0968a33284e0f1345b7ecd9e60e6bf83cd9be3ddea17c4ad32ef1dc031,False
9d2c7535-e3e7-4228-a155-06de1143cc3e,79f17db7-1626-4bfc-a9eb-c6a483343dd8,eAL.r433c37516bd049b88aec70b3a93974a0.0.0,S25456646390,2026-09-30T18:42:51,2026-09-30T18:57:01,1267,126700,4ad50a576c5dffa94cba7fe1011c6ec28283713e15fa5898140e94cb47089d60,False
9d8b62f7-f9ec-4858-b4a2-be425058228e,231c30f1-ae8d-446b-b1e9-9efb8429a7ac,eBy.ia657f741067ee9b1d5602cc64771e169.0.0,S25489938829,2026-10-03T10:24:41,2026-10-03T10:45:08,1295,129500,1f0a866be9191999111b08b21747bccf28bf6f5af71ff42d64fc55dfe89620e5,False
a61f1b1a-8c0a-4e56-b078-60fad85a5359,e3b3f250-99f8-40d5-b1bf-2c2ca7cd58b5,e4.de50bedbe2293428bbc716f67a7c03fd5.0.0,S25500777729,2026-10-03T20:51:03,2026-10-03T21:04:14,1291,129100,160f75cdab95329d2230d264ddef2772dca116336a1a906a261e4915d76cae3f,False
a6d27c01-1453-4815-9c20-70e0e3077873,a32beed8-0875-42d2-9665-82ee354d8606,e4.ra5c8c32f0e874ce7bac6c1fd894c2412.0.0,S25469768301,2026-10-01T18:16:30,2026-10-01T18:33:58,1372,137200,3e85dd307105118862b36d9cf81713585e78299589b43243a6f5990737d2925b,False
a7e9b9a5-55f9-4814-b035-2305f3fbec99,0bd51456-2f75-4e21-8123-30fbad397843,es.ra35a810221a94fc0a37cd389ab1f9dbe.0.0,S25468664855,2026-10-01T17:25:06,2026-10-01T17:45:12,1542,154200,71004dbc94210f159a796bb302428acfc06456869af654af35a6ab833f1bb0da,False
a83a66e7-78bb-4ec5-9324-80ca9cf31dba,48e6a252-9024-499e-bf8e-d2d4f8a1be53,eT.r80f86dfaa30d40a7976827bad4331ca5.0.0,S25494682843,2026-10-03T14:22:59,2026-10-03T14:36:23,1378,137800,3c21c163221bdb01f18dc18ad4e2b59361293711363196c704928f9661e6c217,False
ab8be18b-bee1-4c36-b8a9-5391ead3ec28,9efea525-3ea5-4bbb-a5c3-2391b39a1a6a,eAr.ra7727baf20034884949787385fbb5558.0.0,S25490556329,2026-10-03T10:59:32,2026-10-03T11:17:27,1199,119900,81460b264ef5fbe1f577ad50745618fefcff57399220760e23afbbce5689a959,False
aee615ad-5bdd-49c3-8df4-26f3984f7d63,2c8971c5-f9bf-47b4-80a9-0ee79e66c2fe,eA6.r68f20f71b05a4763acd8cf9b1c786f9a.1.0,S25500615875,2026-10-03T20:30:19,2026-10-03T20:46:38,1555.87,155587,02530b5acb0c1c7621668b83c8c7e8837a514e3c1cc8a62e116409da98a1c838,False
b0b78a7a-db22-4716-90ae-0a1e3c43a58d,0c6181c1-e687-4679-9c2c-66821b031a33,eF.i290670e28be4b71b2db58627b286d12b.0.0,S25511406068,2026-10-04T17:28:51,2026-10-04T17:45:12,1425,142500,8d3b75c9bb9056dbe70eedfb05a5cd915ca57d16623a2a75fd963a2d21c1a980,False
b4d6df8e-46f4-4f40-b391-de7d456e0ef3,9ef647b8-348a-4910-b51a-f4f3081cf844,eBO.r7a7ad11d825e405f9e87e35795c2d7d9.0.0,S25531438341,2026-10-06T10:35:55,2026-10-06T10:53:24,1400,140000,bdfd19cd8461286a5d1d26a85977133d7088af9cf4ed5b93ed81b9f839023fdb,False
b8489102-34ac-460e-8cbf-b51a2f66f3ee,9db0359b-d6b4-4dce-9242-68a0dfdf109b,ebd.icb82b9316cb214abc894d41e9674c610.0.0,S25387992096,2026-09-25T18:18:27,2026-09-25T18:36:40,1454,145400,1d7bfe2e401218d53013ebf25c256c8ca3421c6c384cc787b7e291a80c4d13af,False
bfb5e4ff-dbfb-406e-b81a-0c03c6ca9a6b,0018e2d4-a9b9-4bb8-bf82-4290ceb12604,eb1.i0ebd5a23455bce177a0c9631423c9b12.4.0,S25411272430,2026-09-27T15:41:19,2026-09-27T15:58:30,1508,150800,86f7d2da48f31f42eb138134eda29754729b9f918096c0f98cf8b725fcb30786,False
c03394b0-6264-491c-8b99-6ec5ca5c7174,e22c7422-c13e-4507-a0b4-fcb7d1df805d,eAp.rfb3120768b1c4a39a9a0e3555475ed8c.0.0,S25448210978,2026-09-30T11:45:01,2026-09-30T12:02:55,1129,112900,242bb270c7d03806fe6503ea7750dbd96547022bc5e341c66fb7f9a47313703d,False
c1716e47-e2e3-490f-bbf8-e1291558a824,9dfc29e0-627c-4362-9444-8b11a1dd9d3d,eBn.i2442972411c264c9e19caf7de779d9b1.0.0,S25484121901,2026-10-02T17:36:42,2026-10-02T17:54:12,1469,146900,0ef45de1368972e7907f311975605d51aadba572943e830c0e2478edce72d555,False
c215df68-78de-4dcf-82ab-7788d8e3b419,6a2360c4-5c10-404c-adb3-9f9df269196f,eBG.i70bb440f568f71c436e2bb08ce8a8a21.1.0,S25457508557,2026-09-30T19:23:28,2026-09-30T19:39:01,1167,116700,5e0f2ad80660d0cf0addccdd50a3c0c042e66611e29ba8ac8ab1ea1804bf4f8c,False
c5219133-721a-41b3-b6a4-093c575daeeb,e8d4409d-6c22-4473-831e-c50a589a493b,eBB.i8973369c6d90e3001a1730080de21820.0.0,S25343349131,2026-09-22T14:56:53,2026-09-22T15:11:59,1471,147100,8e797ad3ee98979b48a5d2c05c6d3afde54838181a3815109dc658bc2d251430,False
c9391ebe-21f5-4b1a-89c4-1607563e341a,3f42fc7f-a23c-4416-acff-7695e9347cc9,ebe.raf9b3af6fe63445d9a1a5f3ae44102ae.0.0,S25449900780,2026-09-30T13:20:41,2026-09-30T13:36:08,1744,174400,062c1f410f5acd669d14e874fa67a2b4eda6fec70a70af2a27a27dbbadbaba12,False
cc5e2db9-eef5-4f0a-88e4-237c9add2b15,ca2c5b1f-e00d-4256-9466-d3dc1c42568b,eBY.r972e0039692e47d99f73e98cb10282fd.0.0,S25479251196,2026-10-02T14:05:59,2026-10-02T14:29:12,1310,131000,2e4d95cbaf384d241dc397abe9dd005c9ec837969e853821ba40fc744ca00a13,False
cda5fad8-0b4b-48e1-98dd-23a46216853d,625a22ea-74f2-4907-b19d-743626e87f4e,eAu.r81c8067838be427994f4e31e3f67b503.0.0,S25505079269,2026-10-04T12:27:42,2026-10-04T12:45:34,1453,145300,e847fc67fd4a0c2e408f1aa1bd8493316176fc446cbc25a5a1328ec0843c70fc,False
cecbc538-7c28-47a8-8c38-52d1dbae1b5e,3ce7f824-2fba-427b-99ee-9a2d767c49ae,eAK.rae78a20776e045da96dc342d860736a3.0.0,S25510320241,2026-10-04T16:35:01,2026-10-04T16:58:48,1469,146900,1c41a4d9c959b01caf3705acce0fd1967efcb946f7150fdb5504ca88aceaba7b,False
d4265905-b9fe-4366-b979-7071d54ded6a,e6ea99f9-9d50-4756-a39c-1d0537c3684e,ebg.ia233382b7ca57214750e41899b2bb4b3.0.0,S25473127790,2026-10-02T06:46:48,2026-10-02T07:08:38,1489,148900,7402344cf2c50745480ab8faf8fd5eac55cb0c5a429d703495a3dea7fd5d8be1,False
d4b5f1a2-e4be-49db-9e3d-dff90107dbad,84e36337-b87b-4ca2-92c6-4cc4a72cb512,eca.r45be6463ca56453baf1a582152e474d1.0.0,S25414262545,2026-09-27T18:03:59,2026-09-27T18:29:01,1468,146800,f9ee777c7a5db17d075b27f85ca108389e91a14a42f721fd5b0991fae087b06a,False
d79b900c-7bdb-4cbf-840c-3abe6efb9299,f59964b7-3454-4083-9d05-9693409a0b65,ee.rced302e307ef4fe2b83bce750421aa66.0.0,S25441274096,2026-09-29T17:24:15,2026-09-29T19:21:48,1181,118100,3aebf0bda923c787a5e5667f582df99729939ef2b0313adb445e84cd99c1b5ad,False
dcf8853c-c496-40f3-828c-79268e671887,3c6fc8e3-4cdf-464b-99f6-77d5927cd5e5,eBi.i4ac9a5c0445b25b2604633b08d9517b2.0.0,S25481155637,2026-10-02T15:36:39,2026-10-02T15:54:04,1304,130400,40e22b446c3682c588414d82e41da03d4df14e36fe34976ffdc5b2e356455569,False
e03e5e9b-2e8a-49bf-9c4b-f820ee14c559,82debb19-9a5b-4d4a-9586-d160d7ed9e1d,ef.i79b66828da875d8c88156aaa9942a96c.0.0,S25491302495,2026-10-03T11:38:06,2026-10-03T11:52:48,1285,128500,b4ab2db4ae6cb59d0a27dae4e9ef12290e962b53570f1dc6aca4c522edb136b2,False
e324a9e0-0d68-42ba-a423-61afebe28378,464dbb2f-ff74-4cc0-8632-fa5c2a8ab045,ecd.ia8eaabcc9345dc3283e032e28f8eafef.0.0,S25461371394,2026-10-01T11:08:54,2026-10-01T11:28:13,1845.72,184572,afe4a640a7890a60545026e4aab16227e0e9b4c00941a296eb5b03265dabec58,False
e42b5d03-38cd-43f4-8197-158d304d819c,02b860e9-3ae1-44fa-b654-156d3d14172b,eB3.i848576f369bd8ec4b3c2dd9c36cc69b9.0.0,S25532225889,2026-10-06T11:24:10,2026-10-06T11:44:24,1194,119400,5c2762bec4c65072087aa5499a33570d404db994869ec174c949b408b6dc4af5,False
e690a619-15aa-4675-8610-969751142d7a,1b1a6ced-cf5a-46a3-9ba2-c39f20d3028d,eT.rde1d74937287407e9bec163050cb1d7a.0.0,S25494682966,2026-10-03T14:22:59,2026-10-03T14:36:23,1378,137800,c8bfe99cf908fb17041cb28d5e2589674dfb068912980e2f65cae1eb64bafad2,False
ea17ae7f-1470-46d8-85cf-ca495c5bb554,9c4b7eea-6958-47d0-9abe-f7dfe39ae63f,eb4.if11e397b776a8737865356fda51e88bb.3.0,S25429716790,2026-09-28T18:54:47,2026-09-28T19:13:40,1297,129700,89a88975a15ee58cde80656d551d7d60e91f2fe004bfbaea77200a2b3a13e5ff,False
ee3f9ce2-515b-4141-9b8a-03220b45b317,769ea625-0d88-478d-8bf1-9895110dddd9,eBG.r977a9f726ed849968ff0bb42c37173da.0.0,S25468995919,2026-10-01T17:40:22,2026-10-01T18:00:09,1259,125900,74db02dcd1ae33af8460e83077e118c5d1874cc79dcbac18e96e038bddfa033a,False
f149cee5-b6d7-4f6a-964a-dfb7f2930e04,bb944125-4e80-4d3e-a3d3-7547d73ec639,eB2.i0f428e140f1104dbaa482f709f8efa04.0.0,S25410567630,2026-09-27T15:07:37,2026-09-27T15:28:41,1354,135400,97a3770ed1f837e08a4af7a391e7df275315d673e56bc6111ef9f4d2a5ed3f86,False
f4861452-2d21-40a4-adba-a23684d0b886,f2f76c88-a612-409f-993d-5bb97f4f916a,e7.r2bdbc16142a04cb38dc884ce6f6120e8.0.0,S25529722461,2026-10-06T05:15:17,2026-10-06T07:05:45,1363,136300,c4b4d2bdc3a54ce46ceb9e6f391c599e5967c1dfda877b1eb22675f718b4faad,False
f5bedf17-4c1c-4cd1-a8ef-27409af61b48,c15975f3-db5d-49dd-8d65-3b218be3fd31,eA0.r82e248a9d5704487ab79dab279c3c4cd.0.0,S25459895951,2026-10-01T09:06:43,2026-10-01T09:22:22,1208,120800,497aae0adf247500b160dba94487657a4e17fd38759668cbdc8724f6f61780ca,False
f8c488e6-d6b8-464b-86c6-9d25d6b1e87b,5efabd6f-d6ad-4e6d-bfa8-82434617f1bd,eBL.ie253eff893246ab89376cf008b409bcb.0.0,S25511266664,2026-10-04T17:19:22,2026-10-04T17:35:45,1240,124000,01defea638be323d33d5a3dab66244824a9e446f5e7a64af9d4a5d99bb49d07f,False
fb8b5faf-cbcb-4f84-a95e-600064a938f3,c0be1f74-77f7-43d1-8572-e70a0fec0230,eAu.i38adcc8ac178b611970407e5a0b2737f.0.0,S25411873426,2026-09-27T16:09:20,2026-09-27T16:27:18,1522,152200,431dd32fb8f10965716d67d8291bb3d2d07e30215c157593067249504573c425,False
fca14802-f8cd-4221-9f62-e853d8bfaedf,b0aca702-da5a-498a-979e-961ac6795430,eBx.d9edbf05f6e594241bc5a3346e3940e20.0.0,S25490222947,2026-10-03T10:40:08,2026-10-03T10:56:53,1453,145300,4143be1bc7ab78454077cabfa4536b6fe47879fe283002705e9025591ff31484,False
