marking_id,order_id,wb_order_id,wb_rid,status,wb_status,supply_id,wb_supply_id,delivered_at,created_at_wb,cis_md5
005b26dd-6b43-4f1c-b27e-824fac6a0963,a44cbf57-6aba-4a23-b755-36ba7bcb23b1,5895360045,eBf.i4e915cec1505e5be8237bb83538af048.0.0,sorted,ready_for_pickup,d40a1f49-2092-4fca-95bd-f5fd7396be5c,WB-GI-284957520,2026-09-30 08:40:44.235246+00,2026-09-28 05:25:09+00,60d7734eac802413cb30ab133f7fb56a
0247489e-2345-4cfc-8c72-2de2a9651338,01751eed-4b67-46db-9144-02e68f01785a,5934054853,ebA.rc6f37e6ffe864e2c8e5e205449491af9.0.0,sorted,sorted,201a9446-e583-433f-9513-29ff137cd99a,WB-GI-286786083,2026-10-04 13:49:04.554605+00,2026-10-02 09:47:42+00,9cfddd8394ecd2cac2d12eb2d8f54d59
036ca57e-3323-4749-a7ac-5d7e708ae2fb,d0af397b-eab2-43d7-817f-bf74d5c91a9c,5914161962,eAr.r3b557828731841f3a1922f3ec7eb4b0a.0.0,sorted,ready_for_pickup,9e1c8898-5630-4589-9869-b14108940561,WB-GI-285539064,2026-09-30 16:26:55.853478+00,2026-09-30 05:32:26+00,2541f766ca7ef2a8e3993bd86742abb1
050ad58b-c931-4bc6-8bdd-6f0b7e378eb3,95ecc3c0-18dc-471d-956b-a47ac1370f69,5934036668,eBF.i4712d4df1374a3b92ea97817ccc67fc6.0.0,sorted,sorted,201a9446-e583-433f-9513-29ff137cd99a,WB-GI-286786083,2026-10-04 13:49:04.554605+00,2026-10-02 09:45:29+00,95a686cb183a5ea0932c2ae4c241b26d
05fc1080-81e1-424d-b307-d862a517a8f2,b28de66a-b8de-49e0-8e25-b936c399cd1f,5848057942,ebf.i6a63da05d796a2d136d9b2c9da7ca63e.0.0,sorted,ready_for_pickup,2d0be200-5b41-4247-9163-3f1327e7efca,WB-GI-282479763,2026-09-25 07:38:14.313455+00,2026-09-23 10:00:17+00,0420f250b71397877b0f3bdd94a01b99
07129acf-3cd6-41f1-ad77-fb98589da728,703823c6-b127-42b4-a48c-fc98baa264fc,5939631514,eba.r8bd985f2ea93433dbfa85fc8bd92bc9f.0.0,sorted,sorted,201a9446-e583-433f-9513-29ff137cd99a,WB-GI-286786083,2026-10-04 13:49:04.554605+00,2026-10-03 04:26:53+00,f1384abbe7caa20c93db17ae34a5b473
076e540e-a663-4b4e-acac-c76f1bc32b47,a95233d9-be7c-4c73-8a01-d02956f6c987,5907586868,eA0.d7ea38d62be444342bc7cf72f3c90244f.0.0,done,sold,d40a1f49-2092-4fca-95bd-f5fd7396be5c,WB-GI-284957520,2026-09-30 08:40:44.235246+00,2026-09-29 10:57:20+00,9b52498cc17e68473537f4fc6ebe7900
0a415198-0baf-479b-b0f8-3bfbb787b98b,8e4ea523-0602-4e78-b1a8-dd65a5b54c0d,5798185572,eU.i2f81d16cdcedc7034245657bc1924ead.4.0,sorted,ready_for_pickup,ecd24223-b160-455b-9be6-4a1484a54b8e,WB-GI-279997769,2026-09-18 10:51:50.849041+00,2026-09-17 18:52:52+00,5aad7729f18ec54fc1adf35450d085b2
0a991790-0fd5-4e88-9d7c-37683c512d9a,2a2144c1-5c82-4451-b03c-37357269a5bd,5955162049,ex.i93a850e4e7e311c4dfd3b5dd55c817cb.0.0,sorted,sorted,cf461de1-b34d-410e-ba76-ea059d315f90,WB-GI-288317046,2026-10-05 09:03:39.676716+00,2026-10-04 20:20:31+00,294bc6494cf20b992ce4fb5267f1b571
0c741294-e72c-449b-8c75-554b6e63344a,4317ba46-2110-413a-931d-05a2b32f15ea,5917285492,ebk.ieda3d1aa82a94b2a8a3edaf99873a4f6.0.0,sorted,ready_for_pickup,c73d2573-73c9-422e-ad22-6f310fd955dc,WB-GI-286237409,2026-10-01 10:36:46.064108+00,2026-09-30 11:36:57+00,8edef09ae833e5141ffe3f7fdc384782
0d2b2f9f-799c-476c-b4f8-8090efff5ddb,2fe7f08b-d536-4547-bfc9-d58291624290,5896342355,eN.re107d525a1d14235a0841403f2bac26b.0.0,done,sold,d40a1f49-2092-4fca-95bd-f5fd7396be5c,WB-GI-284957520,2026-09-30 08:40:44.235246+00,2026-09-28 07:25:39+00,33047bd8c68d34613c44202c6e29ca5d
0e5da374-ea22-4b50-9f69-2319c921e366,4a010e74-e591-4815-ae91-5e6deea5c86e,5889194957,ebW.iebcc80fd7a85c1505f7bfff845426eca.0.0,sorted,ready_for_pickup,dc1b762c-0940-49a4-9915-00be5c2c1621,WB-GI-284484482,2026-09-29 07:50:12.889848+00,2026-09-27 12:57:31+00,667f82487474e9339278094f78705393
10217818-0e0e-4f10-ada4-e9beb466ab4e,771a4497-8bd8-40a2-96c4-d1bd2e100264,5854971277,er.if7cc85376c41b47a7016c6eebeb721a4.0.0,sorted,ready_for_pickup,2d0be200-5b41-4247-9163-3f1327e7efca,WB-GI-282479763,2026-09-25 07:38:14.313455+00,2026-09-24 04:31:43+00,cf78a5bb937aca55f2498f0bf45cfd41
124be503-9a4b-49ac-b4bc-2c3665be0494,cec76ea6-a985-4127-acc1-bd31b0aa7ba3,5938326042,ebj.i40417eae6700b7b033093d85a73ee878.0.0,sorted,sorted,201a9446-e583-433f-9513-29ff137cd99a,WB-GI-286786083,2026-10-04 13:49:04.554605+00,2026-10-02 19:30:03+00,678c95343c1ef306bbd082398cbdf2c2
1448adff-ab8f-4b98-bb93-ff1c94884354,ec657990-4f1a-4f38-b45a-1134dfc698fa,5893390945,eD.r8317eb46ad53493c8922c14751d774fa.1.0,done,sold,d40a1f49-2092-4fca-95bd-f5fd7396be5c,WB-GI-284957520,2026-09-30 08:40:44.235246+00,2026-09-27 20:21:05+00,d29c2c9bf84056933ce93bc1a6a605dd
16ac02f7-d28c-4ad7-a2d1-1de398b91b10,24a1520b-f3d9-4ea2-a9f0-54961181be3f,5905938385,eBA.rc1095bd429b84b3f911943c483df397e.0.0,done,sold,d40a1f49-2092-4fca-95bd-f5fd7396be5c,WB-GI-284957520,2026-09-30 08:40:44.235246+00,2026-09-29 07:48:54+00,165ac0a0e9b57f59d8093eaaa2736f6f
172a4ec1-678f-41bf-9f7a-db360f9f3ff6,207560af-634d-4fdd-8949-9e156f09072b,5931019340,eM.red4af4b88dca48039fa2da05fe8fd7bc.1.0,sorted,sorted,201a9446-e583-433f-9513-29ff137cd99a,WB-GI-286786083,2026-10-04 13:49:04.554605+00,2026-10-01 23:17:05+00,868f3f5e57c7717dc3e1b326461d6ca0
17a441e2-be5c-46ee-be6c-5373bae800bf,a71a1710-9f4c-4784-bb37-0878583c0d55,5917273155,eB9.rf9dade4820974a4ba07c797bc441b367.0.0,sorted,ready_for_pickup,c73d2573-73c9-422e-ad22-6f310fd955dc,WB-GI-286237409,2026-10-01 10:36:46.064108+00,2026-09-30 11:35:32+00,a664e62f9193cf400e1624a0eebd1206
17e8288b-500f-4958-a2b6-36ac33d50c6e,7027c3f4-39fb-4d66-81d6-ab750aff5ca1,5934029052,eAk.reb7ae01854954328b55fc27b2853c413.0.0,sorted,sorted,201a9446-e583-433f-9513-29ff137cd99a,WB-GI-286786083,2026-10-04 13:49:04.554605+00,2026-10-02 09:44:32+00,30d201ea90aab7120e29ea08e3be57ad
194cec2f-a1fe-455f-adea-8c18c47af7c4,da16c12c-7774-4451-a5f5-7ae3c21380b0,5915105741,eb3.id7b782d93442bd3717a6212ff1768190.0.0,done,sold,a4b1ca57-92b8-4cbe-ab96-6f1f118fbace,WB-GI-285797274,2026-09-30 09:15:56.848412+00,2026-09-30 07:25:56+00,b5a4221147c055ff7fa48c7725ce68e6
1b7364c8-3cd5-4df2-8f82-6d5920686b67,94bd79e0-cc5e-412f-a1f4-721aebc12d3c,5931590548,ebI.r6e15db4e226f410eb023e52e8e3469d8.1.0,done,sold,b2b8721a-b16b-47bb-8b8c-8f5d9c55511a,WB-GI-286722960,2026-10-02 07:16:45.644147+00,2026-10-02 04:01:31+00,be9670dc3ea4898f5cbdc887e34b0bf4
1d31f59a-61c1-44fe-aabf-d8fed9393f22,90c95220-94d6-4008-b445-4c78606e891b,5911099226,er.rb7f7a1d56f654813bbebc854679fd955.2.0,done,sold,a4b1ca57-92b8-4cbe-ab96-6f1f118fbace,WB-GI-285797274,2026-09-30 09:15:56.848412+00,2026-09-29 17:45:07+00,43d5add76f92bb935eb191ed98b27ed0
1d597d23-3ac8-493e-affa-3e4c8ff5262f,b91e6acf-1948-4114-a3fc-b582b461c7c5,5939080460,eY.rae0d671a11cd4ab18c589a81a5afd147.0.0,sorted,sorted,201a9446-e583-433f-9513-29ff137cd99a,WB-GI-286786083,2026-10-04 13:49:04.554605+00,2026-10-02 23:53:16+00,d27626fa470f58dc0fe8988570608073
1f84dbb0-683d-45eb-a720-2c4cd6a52502,04f3d717-9dd4-4031-aaa1-ef9219b0a523,5931959169,eb0.r8bead813688a483693793d326bb46e03.4.0,sorted,ready_for_pickup,b2b8721a-b16b-47bb-8b8c-8f5d9c55511a,WB-GI-286722960,2026-10-02 07:16:45.644147+00,2026-10-02 05:12:53+00,9bb7a7439ea2d5bf03b581a31b4daf0b
20765aea-1118-41c0-83b2-539747460d80,1919614e-a02b-4197-b0f3-19f49d18896b,5859962745,eQ.r21441f935495425fab65b78b2c7f03e6.1.0,done,sold,83f59721-bfec-4e67-8ad5-9e33f119e65c,WB-GI-283060158,2026-09-25 17:14:26.231754+00,2026-09-24 11:19:52+00,60022ef92246e2160fd0cd6cf7be7df8
210233fa-8336-44e3-bc09-90e76372a496,617ca6e5-0150-48a3-afdd-b0f49ebbb828,5889295314,eAj.i5a587434114c0d969cd47c4a5a1d4632.0.0,sorted,ready_for_pickup,dc1b762c-0940-49a4-9915-00be5c2c1621,WB-GI-284484482,2026-09-29 07:50:12.889848+00,2026-09-27 13:08:04+00,a2458356a0c746bac65a952e20a0db10
21d1c9e5-627e-4b24-8586-e0f16f423a84,87e6b8bd-b6da-4625-84ab-94e500669f24,5931531841,ebd.r2032bbf48e724f399cb367799a54f700.0.0,sorted,sorted,b2b8721a-b16b-47bb-8b8c-8f5d9c55511a,WB-GI-286722960,2026-10-02 07:16:45.644147+00,2026-10-02 03:47:11+00,c89536314c1e7a9a4619aadac0dfb304
2203a0ff-70fd-4bc5-a1dd-cf2e2b99f865,a9da7480-eaac-43b1-afbe-44e47296a453,5924349349,ev.r3b8c253b9bed4554bf3644a16410caed.0.0,done,sold,c73d2573-73c9-422e-ad22-6f310fd955dc,WB-GI-286237409,2026-10-01 10:36:46.064108+00,2026-10-01 07:23:07+00,0292d0ae98d6ab4e42b583e7c17919ed
22c8da44-6926-4990-afc7-9dc17597d4b1,c2121534-e4c9-4921-91d7-e9be6f63bc52,5888505470,ebP.r536621b763084b7da3dfaf224831d83e.0.0,done,sold,dc1b762c-0940-49a4-9915-00be5c2c1621,WB-GI-284484482,2026-09-29 07:50:12.889848+00,2026-09-27 11:46:33+00,1826593649ab71c5005458ef02c75ee4
22d4764b-001f-4459-8054-ba27d8e0d48d,f05cfdd5-2815-469f-a0b5-ae5bc187c02b,5954963286,ex.id943a21253e6afe9c569c95f9e6040c9.0.0,sorted,sorted,cf461de1-b34d-410e-ba76-ea059d315f90,WB-GI-288317046,2026-10-05 09:03:39.676716+00,2026-10-04 19:48:44+00,eeff3c193f33001599445c6dff2e9707
249ccc60-7b88-4c4f-9951-1645943d62d2,8a93d603-6d5f-4a55-9220-73fc6aa8976d,5908582340,ecb.rd0abf372cbef48b9a4a384c8426be99f.1.0,done,sold,d40a1f49-2092-4fca-95bd-f5fd7396be5c,WB-GI-284957520,2026-09-30 08:40:44.235246+00,2026-09-29 12:55:31+00,44378c262d8d7b6bcc03959356edf21b
25949e45-b899-464b-bd65-efb5e44dabcd,eb0fc1d4-500c-4ae7-bef2-c237307d03f4,5854375368,ebd.i42f2d8391c9e50cf862b5e278cb1669a.0.0,sorted,ready_for_pickup,2d0be200-5b41-4247-9163-3f1327e7efca,WB-GI-282479763,2026-09-25 07:38:14.313455+00,2026-09-24 02:11:09+00,a238772175dc34c2b92d52abf59979c2
25997d2a-b911-4f21-89cc-fcaa44a3fa51,ef762e67-06a2-419d-a614-4756185d96af,5907763939,e5.rd696468a683c4a578abb754640244a59.0.0,sorted,ready_for_pickup,d40a1f49-2092-4fca-95bd-f5fd7396be5c,WB-GI-284957520,2026-09-30 08:40:44.235246+00,2026-09-29 11:18:14+00,43703fe9547ccf0b3adf8a8515d835e3
2797064e-6eb8-4591-9f10-b8c158d78573,d20041ec-079c-47bb-bad8-5d309bdbf242,5905773398,ebi.id7771808fc9a3cf906aa8cd0594e2777.0.0,done,sold,d40a1f49-2092-4fca-95bd-f5fd7396be5c,WB-GI-284957520,2026-09-30 08:40:44.235246+00,2026-09-29 07:30:57+00,6a7a5f56d934b09af68c2d2825c3c73a
2a711328-07d8-4d18-98b3-de5d5286cb8e,d95709eb-a2bf-4895-bcd4-d0c46ac0de4d,5885905909,eBw.dde94ea5a63b04506aeab240ef1efffdb.0.0,done,sold,dc1b762c-0940-49a4-9915-00be5c2c1621,WB-GI-284484482,2026-09-29 07:50:12.889848+00,2026-09-27 07:16:38+00,738dd0c6182100003d74b4c42edeb95d
2d7f9070-3296-4e0a-9b37-f9caa732fa64,ea6a74e0-c325-4c57-b2fa-ea35f87ff7bd,5844370044,eb7.r7ecf6c4cac5540589aec32ea413eb791.1.0,done,sold,83f59721-bfec-4e67-8ad5-9e33f119e65c,WB-GI-283060158,2026-09-25 17:14:26.231754+00,2026-09-22 22:22:53+00,5e95a95a6c66894b6543cf46682ff254
2dc9344b-0445-43e6-a142-703018d48631,b83ab8d0-6da5-48e5-8e59-900868207021,5838164630,ebl.i61617f73b8d62c5ecacfe8e852b7d637.0.0,done,sold,2e6ce8af-e754-4b28-995c-763f6e5b7855,WB-GI-281976950,2026-09-22 16:32:08.082852+00,2026-09-22 09:12:54+00,640ff52c92c489ed10701ae76c68a9e7
2eabd329-a905-4b0d-b42e-9c19d1620f43,d1501055-d2a0-41b1-b7c1-502eb45ecefe,5909915172,eBi.rf09f06573fdf4afebb779e9268e2143f.0.0,sorted,ready_for_pickup,d40a1f49-2092-4fca-95bd-f5fd7396be5c,WB-GI-284957520,2026-09-30 08:40:44.235246+00,2026-09-29 15:34:20+00,29ab56917476ac2547a9b8bde5db9531
2f04d5ad-c659-4ab2-ab9c-3f6e86f4b248,10435b6d-c461-4aec-b7f8-3939e1267bb1,5917629207,eb9.r175842d072304bbdad83de908f98fc88.0.0,sorted,ready_for_pickup,c73d2573-73c9-422e-ad22-6f310fd955dc,WB-GI-286237409,2026-10-01 10:36:46.064108+00,2026-09-30 12:18:20+00,3ec9e984b8ab55a3625747e984d235f9
2f47bddf-0f62-453c-a90f-4b016c9ccea0,59aaa7e7-47a7-438b-b7aa-2d1eda7170f9,5821451856,e0.ie81e5b6eb3aa451c05d6f49a74028896.0.0,done,sold,d4a85660-7fe5-4366-b3e6-1f2ef9943c7d,WB-GI-280988625,2026-09-20 20:39:41.40378+00,2026-09-20 11:38:57+00,39d1308a77c99db67efd6c997274c2f4
30716632-fc47-4bf9-b90a-05fa7cce3c50,9122a35f-4401-455c-aba1-1e50cbd4955c,5933263086,ebn.r168d5d6deb4d41eb934dac47af32d15d.0.0,sorted,sorted,201a9446-e583-433f-9513-29ff137cd99a,WB-GI-286786083,2026-10-04 13:49:04.554605+00,2026-10-02 08:08:14+00,c91939461ced41328e59d7960ab93f9e
31de276b-9cff-43cc-942d-e6733c96aa69,0d60c0c5-de71-444f-bab1-83c917e74050,5839040601,eBa.m015a1594efbd4ca4955abe9250e884ad.0.0,sorted,ready_for_pickup,2e6ce8af-e754-4b28-995c-763f6e5b7855,WB-GI-281976950,2026-09-22 16:32:08.082852+00,2026-09-22 10:53:02+00,82f9fc6af6ee2d459f2d167ddd3d611f
32623f3a-a8e7-40f6-b2db-a8dcdc531ec4,8e86051a-e715-4787-a051-9a6e085e7bd8,5919146547,eT.i4f1de5b08a95ea9ee6c64dd78a83342a.1.0,sorted,ready_for_pickup,c73d2573-73c9-422e-ad22-6f310fd955dc,WB-GI-286237409,2026-10-01 10:36:46.064108+00,2026-09-30 15:22:10+00,7906ec936f7f4ffb4d391ffd6e503f3f
34480e73-b1d6-40c6-bc45-8ef0d0c3a81f,21e707ec-c215-4b82-988c-b1c581502395,5868925433,ebw.ib9955c42da1b82ede8832705349c1ee5.0.0,sorted,ready_for_pickup,83f59721-bfec-4e67-8ad5-9e33f119e65c,WB-GI-283060158,2026-09-25 17:14:26.231754+00,2026-09-25 08:53:49+00,ecbb9e76ed468f439e90b55fa189d5c3
3592c93d-3520-43a7-9097-2b6dbc3112fc,60b44428-1d5a-4e30-9852-aba5582c00e0,5949485091,eAf.ib83858d1d1f71407dcb77e0a2b831273.0.0,sorted,sorted,201a9446-e583-433f-9513-29ff137cd99a,WB-GI-286786083,2026-10-04 13:49:04.554605+00,2026-10-04 09:03:43+00,5b42375ad7dae658a8bdd71e1124d425
35af912c-6ff5-42a1-ad56-eac9f9f3c90e,6d4deb64-1458-40e0-8336-4a582edb60cd,5848089252,ep.i7cc1494f3b2036cc36598a77849c53b3.1.0,sorted,ready_for_pickup,2d0be200-5b41-4247-9163-3f1327e7efca,WB-GI-282479763,2026-09-25 07:38:14.313455+00,2026-09-23 10:04:01+00,4c35b7ab2fa28f591af089ea8ce83def
35c49116-12c2-4e30-802f-4e4ec7e4ef26,1a58b5a9-fff3-45e7-b39f-a651f2224ad9,5917494519,eA4.iac6d12694437a85dd46bb08797aadfc0.0.0,sorted,sorted,c73d2573-73c9-422e-ad22-6f310fd955dc,WB-GI-286237409,2026-10-01 10:36:46.064108+00,2026-09-30 12:01:45+00,2fbbfc0b808e071aea4e598cc447ead9
3639a777-628f-4268-9309-0f561d769f98,774d721b-27a0-432e-9115-082f2860044a,5943148028,eX.m1c6a3fb4304944279c22f64e6bffdcda.0.0,sorted,sorted,201a9446-e583-433f-9513-29ff137cd99a,WB-GI-286786083,2026-10-04 13:49:04.554605+00,2026-10-03 12:34:28+00,29cdb68926ecabef01f861631a07d00c
39281325-87f0-4cdd-a968-6e1abe55cdbe,5ba45015-71ed-49fa-ad3f-0c9a5d1ec4b1,5843469833,eT.i5f17cd75742586fce0cf4c26466542fb.0.0,done,sold,83f59721-bfec-4e67-8ad5-9e33f119e65c,WB-GI-283060158,2026-09-25 17:14:26.231754+00,2026-09-22 19:18:58+00,9c44960989af24e57fdc1e66ea2c0b74
39a5f808-f7ed-4b26-8857-fff5b166a1d0,daef9795-27ef-4f03-be1b-db0900b75a47,5912621975,ecb.ra770b1faea5d4519841374157e3d177e.0.0,sorted,sorted,a4b1ca57-92b8-4cbe-ab96-6f1f118fbace,WB-GI-285797274,2026-09-30 09:15:56.848412+00,2026-09-29 21:06:04+00,0a6181d2c3f5f5e0938c23bd1b44118d
3ad40552-4459-4c85-8174-8638b6c7d2f2,49e78e61-7780-49f6-9d2f-fc3e7e011c4a,5933807025,eb1.i0c03ee4f021fc95216a3d6576938dc4b.0.0,sorted,sorted,201a9446-e583-433f-9513-29ff137cd99a,WB-GI-286786083,2026-10-04 13:49:04.554605+00,2026-10-02 09:16:20+00,1c829a4c8b4886018104e0a76587f71e
3ba7d8d0-b447-41dc-90e1-a78acde67f92,d83becb6-78b5-4c4e-9f3b-22123f72b1e8,5938506187,eca.r57e2ee02c84b4826921d36f6b7c2da68.5.0,sorted,sorted,201a9446-e583-433f-9513-29ff137cd99a,WB-GI-286786083,2026-10-04 13:49:04.554605+00,2026-10-02 20:02:47+00,7e8defe6c5ef716a180f52afcd7e171f
3bb90f51-e57b-4d62-858f-f9893e4700cf,8ce826ab-21eb-4e74-9203-0a90a4cf42b2,5869681119,eBQ.i996820472e69686a8d34cb3980f4028c.0.0,done,sold,83f59721-bfec-4e67-8ad5-9e33f119e65c,WB-GI-283060158,2026-09-25 17:14:26.231754+00,2026-09-25 10:21:07+00,f09d2c674c0f8e6e048af68d6b1fdc16
3d8f85cc-9de5-43d9-bfe9-c073801b9b51,4c67a773-91b1-4e69-ac86-62591dc8aba4,5868906623,eB0.i00d61367e65c6f330b9b27e947d93b96.0.0,sorted,sorted,83f59721-bfec-4e67-8ad5-9e33f119e65c,WB-GI-283060158,2026-09-25 17:14:26.231754+00,2026-09-25 08:51:46+00,a8987fc7f072065d46e17c79e3a80696
3db6a144-c80d-4ffe-82ff-48fd464c9b9e,4404a023-d281-4843-a12d-71a2df39393f,5867901806,eBh.r6a555e146e18467a8d1638d550de6b1a.0.0,done,sold,83f59721-bfec-4e67-8ad5-9e33f119e65c,WB-GI-283060158,2026-09-25 17:14:26.231754+00,2026-09-25 07:02:39+00,8067255836dee4d300c9df7765e097c9
3ddf7969-661f-493e-bf30-1af94f77757a,10af7618-8919-4c5f-a5dd-1c4debaf2d9a,5950924330,em.r3131ae28676546ad8ba731f16c6b558d.1.0,sorted,sorted,201a9446-e583-433f-9513-29ff137cd99a,WB-GI-286786083,2026-10-04 13:49:04.554605+00,2026-10-04 11:51:29+00,e3c7cf08d96369103b8da43751c03ed3
3e047e7d-41dd-407e-81e4-0801bd471605,536d3f2e-ca86-49c6-90b9-db93a74201d8,5942327391,ebT.r78c9ef3cce35443a8b9560a2628385c7.2.0,sorted,ready_for_pickup,201a9446-e583-433f-9513-29ff137cd99a,WB-GI-286786083,2026-10-04 13:49:04.554605+00,2026-10-03 10:47:26+00,1e125be7f8cf462dcb191c1639689195
406e71ac-a88a-4952-97f5-cf00fc7c0ca0,a65b8acd-d9d5-46af-8a28-4e1863e155a4,5888240870,ey.i913e5ac39a52cf18985b04abe96821c1.0.0,sorted,ready_for_pickup,dc1b762c-0940-49a4-9915-00be5c2c1621,WB-GI-284484482,2026-09-29 07:50:12.889848+00,2026-09-27 11:19:29+00,dbf22b23f4534057763d7380f52a3f83
41810cd2-3bd2-401f-811d-5a796a8b46ab,57c082a1-6a7d-4dbe-9b44-cb968686316b,5944404627,eb9.rc9e3bc02faef4a859d90f1330e55a40b.0.0,sorted,sorted,201a9446-e583-433f-9513-29ff137cd99a,WB-GI-286786083,2026-10-04 13:49:04.554605+00,2026-10-03 15:23:29+00,9c62c421387584d255cea475ab4782e5
43bf9fb1-bfdf-496e-8c59-85753600607b,27d27687-f616-4eca-a322-47dfa38fe7cd,5958304958,ebz.re4e5a8ae63b54c799c8162aac86c5527.1.0,sorted,sorted,cf461de1-b34d-410e-ba76-ea059d315f90,WB-GI-288317046,2026-10-05 09:03:39.676716+00,2026-10-05 08:38:19+00,b1004c48bf699016cc146bc4b7f7c4d7
45e08372-1173-47a3-9a17-6721318a6526,3b38a7b6-87fc-464f-aa5f-44d94a717ee9,5896705269,ebk.i0f3ec4ed5457ecfae5e34f6ae87777ad.0.0,sorted,ready_for_pickup,d40a1f49-2092-4fca-95bd-f5fd7396be5c,WB-GI-284957520,2026-09-30 08:40:44.235246+00,2026-09-28 08:05:46+00,bacd526625d69cc243cd83ece7f1d248
473612f5-6eee-41c8-9e25-88e515d33ca1,708c40d5-58ac-4b3c-b07d-f0ca42ffcb01,5887205410,ebJ.i3ad4852098f82d2c01b9c7f098c6f596.0.0,sorted,ready_for_pickup,dc1b762c-0940-49a4-9915-00be5c2c1621,WB-GI-284484482,2026-09-29 07:50:12.889848+00,2026-09-27 09:32:53+00,3b9ca0f46a3af6a9bd9f3e18774557e9
4742f113-6e6d-41bc-9468-a952341d4fc2,e43ee60d-3f8c-49b1-a666-6073feb87214,5950306823,eAw.r868e07b0fe974a93b7165f68817a4215.0.0,sorted,sorted,201a9446-e583-433f-9513-29ff137cd99a,WB-GI-286786083,2026-10-04 13:49:04.554605+00,2026-10-04 10:38:33+00,df7bd243afdd53aa071bcab15a36ca75
476ab2f1-c1c0-4a5c-bb5a-a93b03132b5b,5ebea9d2-99ab-4285-a19a-6647a1df8fc9,5951305633,eB0.i202606bad32f84db7a60e6ec9697f0d8.0.0,sorted,sorted,201a9446-e583-433f-9513-29ff137cd99a,WB-GI-286786083,2026-10-04 13:49:04.554605+00,2026-10-04 12:36:57+00,2690a2eee7d1893f8a0b6d7c4b69e51b
4a86f5dd-b03d-4084-b6c6-ec87eabe0474,f2b77218-a8c6-4698-97f7-9a3db8076dbe,5954561975,ebt.i39caca72a5251267ac13def3bac7ea38.0.0,sorted,sorted,cf461de1-b34d-410e-ba76-ea059d315f90,WB-GI-288317046,2026-10-05 09:03:39.676716+00,2026-10-04 18:55:32+00,1e78224ea428952aa3eecb62ba33867b
4c2424e6-8694-4ce8-a4ae-bf8c26ff12f5,c0ab4ab3-d1d4-4fb8-b557-395d95f81a53,5838900055,ebE.ia87b47cf45759e26de6aeff98360b2a2.0.0,done,sold,2e6ce8af-e754-4b28-995c-763f6e5b7855,WB-GI-281976950,2026-09-22 16:32:08.082852+00,2026-09-22 10:37:52+00,6058900c8d38388610d2287fae52c38a
4e7d9860-af10-4e94-ac80-69d477cf4732,1ed9dc6c-7cd6-4dd5-81e6-f1ae8aef31c5,5925933426,ebO.r28115e62d71f4d3da22b077b67073b1b.2.0,done,sold,c73d2573-73c9-422e-ad22-6f310fd955dc,WB-GI-286237409,2026-10-01 10:36:46.064108+00,2026-10-01 10:24:32+00,0cad202f7f3e939850a196d0772e3896
4f780e3e-e7b6-481f-9523-8819e50597a2,cbb9b9f5-af1e-4bc1-8e95-8c586391c606,5814501149,ebG.rec378c3b599c49688470167569641d22.0.0,sorted,ready_for_pickup,e7fe7a5a-ba88-4a48-a682-28d7e35bff93,WB-GI-280439715,2026-09-19 16:39:49.898056+00,2026-09-19 14:35:32+00,800813cdcf2edc73664dca1f126d8bac
4fadceea-c262-47a8-a70d-bf6624dd6ada,4893313f-4d24-4eda-94dd-0882121a6ba6,5939467059,ebV.rfe9ba66442e740c6b7035f070f824c4d.0.0,sorted,ready_for_pickup,201a9446-e583-433f-9513-29ff137cd99a,WB-GI-286786083,2026-10-04 13:49:04.554605+00,2026-10-03 03:42:16+00,5d89becd3decba30faec36fb5ae47dae
4fc226b3-24a9-4aa2-be32-85328bcd8dc6,5a57f005-dcd3-4758-beb8-454bd5506610,5938184220,eAB.i8ea61f96491e484b02e0cf6805a3c172.0.0,sorted,ready_for_pickup,201a9446-e583-433f-9513-29ff137cd99a,WB-GI-286786083,2026-10-04 13:49:04.554605+00,2026-10-02 19:06:48+00,28e3f99dcf44c6f777bdce57c7394349
5075359e-ceb8-4598-906f-1520004c105c,4846648f-21cf-41f5-ade2-3f6b0c20d979,5950288708,eAM.r04cbdf25f2c244d390a3792fe1e1a110.0.0,sorted,ready_for_pickup,201a9446-e583-433f-9513-29ff137cd99a,WB-GI-286786083,2026-10-04 13:49:04.554605+00,2026-10-04 10:36:27+00,6912c7fba462296ccf92a5b574f12794
50a0b7ae-ae00-4399-88cc-333d46709889,203369bf-7947-466f-8b94-799e0237986a,5851846398,eAF.i71e9032c4024441ddbe4a741b05caf1d.0.0,sorted,ready_for_pickup,2d0be200-5b41-4247-9163-3f1327e7efca,WB-GI-282479763,2026-09-25 07:38:14.313455+00,2026-09-23 17:05:54+00,c84ffb49394150cfc7f77cd97ac77b91
5142e5c7-6987-4a40-9dd1-4c929d3d9f55,7ad8dace-aa92-4484-8c60-06076fef9efa,5942275926,ew.r6bcd46a871224c19be54391f0d66d397.0.0,sorted,sorted,201a9446-e583-433f-9513-29ff137cd99a,WB-GI-286786083,2026-10-04 13:49:04.554605+00,2026-10-03 10:40:52+00,46ecc6763af59af873a7ce5a28bb31fa
532f6208-6ce9-4a97-95ff-6ced58846e68,f97e7d08-19e6-49b9-902e-3a88934a5ec6,5934493867,eAq.i4264ee2f5046f91fb960b88b57ddd1aa.0.0,sorted,sorted,201a9446-e583-433f-9513-29ff137cd99a,WB-GI-286786083,2026-10-04 13:49:04.554605+00,2026-10-02 10:43:11+00,333f7772ebbddcbb2d4bba55037b0711
5358c1aa-8ec1-45b6-8575-c5929eaa1a50,0b4d63df-e46d-454b-bf80-74fa90b851f5,5910869307,eBr.m258a016340594bff9ff1cb851cc328f1.3.0,done,sold,d40a1f49-2092-4fca-95bd-f5fd7396be5c,WB-GI-284957520,2026-09-30 08:40:44.235246+00,2026-09-29 17:20:36+00,3fd629cb023e2537ff80418713f3027c
54db74a1-214b-4ca6-9f7b-bad7f9cc22ec,58db4455-619c-4f06-89f9-da0f9bffb218,5902474689,eA7.id1d9ea38852a5e9f18492c00f9a46583.0.0,sorted,ready_for_pickup,d40a1f49-2092-4fca-95bd-f5fd7396be5c,WB-GI-284957520,2026-09-30 08:40:44.235246+00,2026-09-28 19:07:45+00,0fa3c309d5730c60f801f74f6ec11934
58b67ab6-cefd-439d-971b-4b6d739978c6,e44b0b66-1060-4055-99b9-e9bb85541066,5896318194,eBH.r8222fe9a2213483882b46322506c4786.0.0,sorted,ready_for_pickup,d40a1f49-2092-4fca-95bd-f5fd7396be5c,WB-GI-284957520,2026-09-30 08:40:44.235246+00,2026-09-28 07:22:54+00,9e2f973783070c104d3dd0fe4a58280f
5ace981a-716f-4776-80cf-4e7d3a5e964a,956e3f70-3c79-4ec3-b426-532ffe8228e2,5903151544,eAq.r63a08b6dde9b48c2a550d9f7cfa2f1a0.0.0,done,sold,d40a1f49-2092-4fca-95bd-f5fd7396be5c,WB-GI-284957520,2026-09-30 08:40:44.235246+00,2026-09-28 20:48:24+00,4113a425f53dffef81378aaf96e9887d
5b6ee456-d8f4-44ef-806c-44e3dab6bb73,c59d8840-ff7a-49b3-9ed7-8f6d15601940,5920940116,eca.iaea1ab67b92c89aa2a47d13dae2cffa7.5.0,sorted,ready_for_pickup,c73d2573-73c9-422e-ad22-6f310fd955dc,WB-GI-286237409,2026-10-01 10:36:46.064108+00,2026-09-30 18:41:22+00,29b1f1d8b7ab7398b94554854cdef1c3
5c66cb5d-9ea8-472f-a7cb-507ac7381590,8404936e-4ab7-42b1-8cdf-72862ebdcd30,5920594324,eba.macbb454b3db443c38c5003687fa22fad.1.0,sorted,ready_for_pickup,c73d2573-73c9-422e-ad22-6f310fd955dc,WB-GI-286237409,2026-10-01 10:36:46.064108+00,2026-09-30 18:03:14+00,c4f02ca8b7e6be20b1978a4fa236e281
5ee9d804-ef1e-4ee8-ada9-8bc09b034051,920b740c-db98-459a-a47d-a22cf4e42862,5868925432,ebw.ib9955c42da1b82ede8832705349c1ee5.1.0,sorted,ready_for_pickup,83f59721-bfec-4e67-8ad5-9e33f119e65c,WB-GI-283060158,2026-09-25 17:14:26.231754+00,2026-09-25 08:53:49+00,2137727f978e1eab1a7e267a2bbb2711
5f2ab33c-8977-4004-b933-cc9e659f081a,18c0faf3-da21-455d-9fcf-0f25e7d3d42f,5868397868,eAM.i3de8e911093505a2ba21bab8c93ccb5c.0.0,done,sold,83f59721-bfec-4e67-8ad5-9e33f119e65c,WB-GI-283060158,2026-09-25 17:14:26.231754+00,2026-09-25 07:56:27+00,97eafbcc7646fac07039390bcb568e86
607814a6-f0c0-43d4-b34b-7ae4cecca4c2,97017c1b-62f7-423a-9848-cdfbc508a4a9,5926158290,en.re05ecfae4ae04191a1851884326fe71d.3.0,sorted,sorted,201a9446-e583-433f-9513-29ff137cd99a,WB-GI-286786083,2026-10-04 13:49:04.554605+00,2026-10-01 10:50:45+00,a37172cbcdf4123c853ad8b60940a7ab
60bac4fb-d916-4f97-9eea-878fa3ac8136,99edccbe-c74f-4445-bb4f-87690523833f,5954553157,eAO.i5ac1a33beabc5fbd548210de1b720354.0.0,sorted,sorted,cf461de1-b34d-410e-ba76-ea059d315f90,WB-GI-288317046,2026-10-05 09:03:39.676716+00,2026-10-04 18:54:28+00,31d17638a79fd68b9e208db6f891c0b6
61ccae09-7fba-4d12-b07a-64f77199e888,829a4824-2554-41bb-8b32-18356567ac4e,5889994608,eBy.raed59705cb074fb2842e770f911c0375.0.0,done,sold,dc1b762c-0940-49a4-9915-00be5c2c1621,WB-GI-284484482,2026-09-29 07:50:12.889848+00,2026-09-27 14:20:40+00,d3dddb28e99d757dfc23c1b59b788706
62b20604-216f-4f59-92b9-8abc5d88d217,d22853c0-238d-42c5-a604-5427488a4a63,5955872096,ebT.r6d89737ebe8a4649b5f209217b3a4d8c.0.0,sorted,sorted,cf461de1-b34d-410e-ba76-ea059d315f90,WB-GI-288317046,2026-10-05 09:03:39.676716+00,2026-10-04 22:04:10+00,1aa1876704c2722e6972fe8a39a05156
63f09ef4-6b73-4218-a5a7-6ddca835a2bb,89cbaeb3-18e0-4ebe-8de1-f5b166b50022,5957704268,eAd.if092ff3722c04d2a8a77748fafa91b27.0.0,sorted,sorted,cf461de1-b34d-410e-ba76-ea059d315f90,WB-GI-288317046,2026-10-05 09:03:39.676716+00,2026-10-05 07:21:01+00,94aeb95ee703f8a55126414d3dbdf001
654d84c2-2e3b-4666-81d8-1d3de30a5ddf,90e9cea1-54d2-408c-9e9a-a32f1ce00a39,5892444944,ebK.r8e0cb79001e04e1e92d98fd2233279a5.0.0,done,sold,d40a1f49-2092-4fca-95bd-f5fd7396be5c,WB-GI-284957520,2026-09-30 08:40:44.235246+00,2026-09-27 18:30:44+00,1eecd03278ff2c7c7574205211fba498
6715f91a-3dd4-403f-830e-4872ffbec08c,a0f000ea-3838-4c73-bc8d-13cf725b3684,5903210326,eAg.rb72b7227aaec485b8d995d69b59e9d30.0.0,done,sold,d40a1f49-2092-4fca-95bd-f5fd7396be5c,WB-GI-284957520,2026-09-30 08:40:44.235246+00,2026-09-28 21:01:41+00,268ae1bc5f1cd184084197735ea63b9d
677a666e-bc7a-454b-8854-b54db56e0773,40f9a6a0-b3dd-40c2-9918-b0a9591b0e3e,5811884125,ea.r3299bde654a84a3797812770e6dff5b1.0.0,done,sold,e7fe7a5a-ba88-4a48-a682-28d7e35bff93,WB-GI-280439715,2026-09-19 16:39:49.898056+00,2026-09-19 09:04:00+00,686e5bf13999c928d1024869ad915c37
679fef91-9f19-47f8-9749-51af2c413c68,583d7a6a-48a4-405a-a8e7-0f7fd65b6de3,5941824666,eG.r3d7fa555486b491fbdb325add9fb3c35.0.0,sorted,sorted,201a9446-e583-433f-9513-29ff137cd99a,WB-GI-286786083,2026-10-04 13:49:04.554605+00,2026-10-03 09:43:54+00,64a8fcb971ff21696712f6b90d9ca0f1
6840b330-5ab5-4883-a41f-a7d3a9b3317c,67bfbbf2-a76e-4904-92b8-1e36de7db361,5897464720,e3.d30a2542ee4a2445d9e685b802aa85505.3.0,sorted,ready_for_pickup,9e1c8898-5630-4589-9869-b14108940561,WB-GI-285539064,2026-09-30 16:26:55.853478+00,2026-09-28 09:32:12+00,a72c33706aa5b25eb38491e8f5c344ba
68b5caae-b6f4-4551-8fd4-5c582cd67861,ee630fee-d144-4405-8fb2-91af08f10945,5853973770,et.i30797424b77aa8651d9b9a2c1044513b.0.0,done,sold,2d0be200-5b41-4247-9163-3f1327e7efca,WB-GI-282479763,2026-09-25 07:38:14.313455+00,2026-09-23 22:23:58+00,87beb713075d4747cef3e9a2fc84edab
6990f114-490f-4c26-9e27-9c2a01d68535,acd021ed-37b9-41e7-9f6b-c3bcf0a764b4,5845525851,eA7.r60bab8826fe744b4940dcc6710755c85.0.0,done,sold,2d0be200-5b41-4247-9163-3f1327e7efca,WB-GI-282479763,2026-09-25 07:38:14.313455+00,2026-09-23 05:06:03+00,78fab6866b05132ec52edc2224c5cf03
6afa8a4c-7290-4c3c-8153-c00a4f9e0b7c,7a8ba2ae-2587-4a40-8518-6aba54b115c8,5885051903,eBh.i1a922028487b8f7bfbe25ac63e1d5596.0.0,sorted,ready_for_pickup,dc1b762c-0940-49a4-9915-00be5c2c1621,WB-GI-284484482,2026-09-29 07:50:12.889848+00,2026-09-27 05:28:12+00,5653e4e081b3371734f24e2b62fe04c7
6b608ac2-8d2a-42ad-8595-c5c056b24dc9,ae703807-651a-4180-9c78-53af509f8db4,5941283206,eAR.i1d7eedb035014932ad178e2bb0bbb77c.0.0,sorted,sorted,201a9446-e583-433f-9513-29ff137cd99a,WB-GI-286786083,2026-10-04 13:49:04.554605+00,2026-10-03 08:35:04+00,3f959f9f7635ada349de213e065f597f
6b666902-daba-4147-83ea-26cb770290dc,425ecc75-48e8-45c4-95d8-666aabee2fc0,5922393932,ebO.r5f80ee80d3244866ad786f39659c5900.0.0,done,sold,c73d2573-73c9-422e-ad22-6f310fd955dc,WB-GI-286237409,2026-10-01 10:36:46.064108+00,2026-10-01 01:26:22+00,ea3e8f84ce6f896bd6ec05a000bb9257
6c5b9ad3-d9d9-47af-a62e-5fe00cdde91a,034e8081-0a25-4df1-905c-e2091e2433b2,5895666130,eBN.rb9d2f808826040edbf481404dfa0882d.0.0,done,sold,d40a1f49-2092-4fca-95bd-f5fd7396be5c,WB-GI-284957520,2026-09-30 08:40:44.235246+00,2026-09-28 06:06:20+00,c4146c9868d9bf4f33a15b2dffea928c
701500df-3409-4292-8c77-e6c388942bcc,a54b90b3-abd5-4955-9494-b8c17c09288f,5901342620,ek.id36af2f634bf729022cf7b906d212323.0.0,sorted,ready_for_pickup,d40a1f49-2092-4fca-95bd-f5fd7396be5c,WB-GI-284957520,2026-09-30 08:40:44.235246+00,2026-09-28 17:04:18+00,cbfe04c2d04dfbe32310f569d499c1f3
7274d12f-82f3-4c94-9dfc-0b1dcc11a037,e3b168db-9f38-4952-a2dd-1ca528724fa1,5933964210,eE.ic42b27f7dd32165d0565f68fa37ed8f0.0.0,sorted,sorted,201a9446-e583-433f-9513-29ff137cd99a,WB-GI-286786083,2026-10-04 13:49:04.554605+00,2026-10-02 09:36:25+00,3a3929d17e7dc81b79b3a634924b30fc
7389967b-1e87-4b66-9797-c9d641b99e9f,85f9bf69-fc5f-4fb4-ae87-4c8b9e200277,5896298455,eBy.ra01e8e30570443b885c05a19681f854b.0.0,done,sold,d40a1f49-2092-4fca-95bd-f5fd7396be5c,WB-GI-284957520,2026-09-30 08:40:44.235246+00,2026-09-28 07:20:37+00,5221e8bb7ef8b97281bca21e58d9d817
73bb1c3a-9605-424a-a981-4048ffe16c3c,f0020c5d-7401-4a4a-9791-e2ca2bcae1a4,5885416771,eb9.i6eecc9b8bb346daa1eb1aa2ace16700b.0.0,sorted,ready_for_pickup,dc1b762c-0940-49a4-9915-00be5c2c1621,WB-GI-284484482,2026-09-29 07:50:12.889848+00,2026-09-27 06:18:49+00,87fcaa9959a551d4086521ad40c597ac
7697768b-42a9-49dd-ad86-dd5fbfacf1dc,cf34e1d2-04f7-4710-ba34-a5826ae1dabe,5955011176,eBo.icef3403ba3d70483907bd3e69270571f.2.0,sorted,sorted,cf461de1-b34d-410e-ba76-ea059d315f90,WB-GI-288317046,2026-10-05 09:03:39.676716+00,2026-10-04 19:55:53+00,9f0f91e166131520d8565364c0b98008
76dbb4e8-a225-4b9e-ac26-3263dd4eaef3,c1cc0186-f09c-4b0d-93a7-709c4e149606,5842702494,ebO.id425bf06485b1fc293c3a8cee3f8a460.0.0,done,sold,2d0be200-5b41-4247-9163-3f1327e7efca,WB-GI-282479763,2026-09-25 07:38:14.313455+00,2026-09-22 17:53:26+00,3ee73a54dccebca0b01f26a9394f6353
795b2d3d-f142-41ff-9fd7-e31d2f0e52f2,ba9f7640-be7f-4e21-aa02-577447c609db,5945781365,eb5.i95ddde59cbcfe3b227b738ebddb53589.0.0,sorted,sorted,201a9446-e583-433f-9513-29ff137cd99a,WB-GI-286786083,2026-10-04 13:49:04.554605+00,2026-10-03 18:31:28+00,5d32f520b15944ba7429a43a045f009d
795de647-69e7-402f-aef7-d94686d21181,09963d04-33d2-4176-8c7f-6d479d38f4ea,5844963711,eAI.i8c63420e2d3bae32c04c7270319fc687.1.0,done,sold,2d0be200-5b41-4247-9163-3f1327e7efca,WB-GI-282479763,2026-09-25 07:38:14.313455+00,2026-09-23 03:23:49+00,36f1a6cc7ec0b6582a67c1a3409879bb
7974f60d-1989-4318-a67c-fd6a8099f83c,1b733fff-a77b-4d5e-9d5b-fe529fcd1281,5907909767,eq.i067877888054d1543209b6571733505d.0.0,sorted,ready_for_pickup,d40a1f49-2092-4fca-95bd-f5fd7396be5c,WB-GI-284957520,2026-09-30 08:40:44.235246+00,2026-09-29 11:35:29+00,e558ef2fd991e60e88758bdb55186b81
79aeadef-2c39-4bc0-ab9f-69b55bf20175,f18431a2-ed7f-4c97-8c99-19fea92ff8d9,5924048172,ebV.iee41e29a6f28b9aa80012040a72b6e22.1.0,sorted,ready_for_pickup,c73d2573-73c9-422e-ad22-6f310fd955dc,WB-GI-286237409,2026-10-01 10:36:46.064108+00,2026-10-01 06:48:01+00,484442b44134cda555dd83ba906b8a2a
79ea2e70-afc8-4ac4-a778-b6271f9f2ef8,092478a4-df78-4357-82f5-591d715dfa60,5889343962,eAs.r90758f134924418287429f0167879ba7.1.0,done,sold,dc1b762c-0940-49a4-9915-00be5c2c1621,WB-GI-284484482,2026-09-29 07:50:12.889848+00,2026-09-27 13:13:12+00,35cb3e1598b43f3bdb4a9f24e6994cb4
7b63d385-42de-420a-bfde-ca764c55c0d3,e99efc48-dbad-4627-9913-d35f914dfbb7,5929945735,ebE.if709c45d9f8fe543c2e73acc10de0663.1.0,sorted,ready_for_pickup,b2b8721a-b16b-47bb-8b8c-8f5d9c55511a,WB-GI-286722960,2026-10-02 07:16:45.644147+00,2026-10-01 18:47:33+00,e373bd249b289f150811c55818b2471a
7c8880ee-fe16-43c0-9db5-47dda2c3a5e0,df6515f3-d03b-454a-9bba-fa46ec68dbdd,5907858893,eAy.radbd7d03a7324fb3975ce0a260bf72a4.0.0,done,sold,d40a1f49-2092-4fca-95bd-f5fd7396be5c,WB-GI-284957520,2026-09-30 08:40:44.235246+00,2026-09-29 11:29:36+00,44828ac5e62aa0c64d8383d5123e4345
7db8c60a-8a6e-4c0a-ad9f-c444a64332c4,87dd3983-c967-49d3-a220-24b6fad06ff2,5927878527,eJ.r2baea3a396494c619ca365366dd67957.2.0,sorted,sorted,b2b8721a-b16b-47bb-8b8c-8f5d9c55511a,WB-GI-286722960,2026-10-02 07:16:45.644147+00,2026-10-01 14:27:58+00,5245e1de4ebfc256abb2f8056e6a520f
7f6a806d-088c-4dba-9e70-5d4f3cfc7d44,18889c52-7f74-4f5d-9bab-96a7d84ea929,5903182324,eAn.ie4e80b03bf71ba04847141b0913044fb.1.0,sorted,ready_for_pickup,d40a1f49-2092-4fca-95bd-f5fd7396be5c,WB-GI-284957520,2026-09-30 08:40:44.235246+00,2026-09-28 20:55:11+00,59b78ed04ca5729f48cff37898465d5b
81892e40-c34f-4417-bbc1-c85688454ae8,b9dff07c-a296-4873-a932-2a9012631c18,5931066687,eX.rccc2cb45a6ef41fa8bd06d65c05c3f1a.5.0,done,sold,b2b8721a-b16b-47bb-8b8c-8f5d9c55511a,WB-GI-286722960,2026-10-02 07:16:45.644147+00,2026-10-01 23:56:13+00,9afeded36c02f5d5f1d4ce635d29ef0c
81a42d48-6231-466a-98c8-480f07ca0eb8,005cdc84-08d5-4dab-9e88-f7c7a1111846,5860872664,ecD.rc99965dbfe9c45b1829bb29fad0ceccb.0.0,done,sold,2d0be200-5b41-4247-9163-3f1327e7efca,WB-GI-282479763,2026-09-25 07:38:14.313455+00,2026-09-24 12:03:47+00,b4bfb5dac61200c65d1b363076e28c4b
821b4d75-e323-426c-b001-03828c586c59,70439079-1abd-47a6-8904-518f330adaa0,5921699831,eBH.iab103909f68dc5a9d87b235b2ba9fad5.0.0,sorted,ready_for_pickup,c73d2573-73c9-422e-ad22-6f310fd955dc,WB-GI-286237409,2026-10-01 10:36:46.064108+00,2026-09-30 20:23:33+00,4941182f48f88a9b44e6f86a88fb6722
85accf40-b406-424d-80b6-1aa6a7c0dfdd,0a5761ac-caaf-4664-b5c6-8ebc8a16f43b,5938666679,eB5.icfa411499d88a95bd9a552964f5b1343.0.0,sorted,sorted,201a9446-e583-433f-9513-29ff137cd99a,WB-GI-286786083,2026-10-04 13:49:04.554605+00,2026-10-02 20:37:54+00,9b98c333df4bb2f61825f7cc3c6b8126
863de31f-236e-45c9-a5fd-23849f9bc72a,e5e7e2c6-7477-43c5-9604-93211ed5466c,5798185571,eU.i2f81d16cdcedc7034245657bc1924ead.2.0,sorted,ready_for_pickup,ecd24223-b160-455b-9be6-4a1484a54b8e,WB-GI-279997769,2026-09-18 10:51:50.849041+00,2026-09-17 18:52:52+00,93a975d95ef6c39adc48a7007a5d32e9
88afc350-952a-4fa9-8a37-ef31ae8aa8ac,0cccbb81-e181-4916-8d25-eed212c563ef,5861485879,eBQ.icab25108b683632851414792dad726bb.1.0,sorted,ready_for_pickup,2d0be200-5b41-4247-9163-3f1327e7efca,WB-GI-282479763,2026-09-25 07:38:14.313455+00,2026-09-24 13:12:40+00,cdef986421bd8a0bc0f04d3cb8085b56
895b16d1-0b18-4e88-9a40-7ef5f3c2bf3c,2a021a8b-1761-49c1-b279-05aabb8a8615,5889453956,eO.i70c274288ebec516259b1a566afecc43.2.0,done,sold,dc1b762c-0940-49a4-9915-00be5c2c1621,WB-GI-284484482,2026-09-29 07:50:12.889848+00,2026-09-27 13:24:52+00,28da09d2db87b497328f7c82355cea8c
8a55696a-0cd5-4325-af2b-50500acb2cfc,96de9335-d5c5-4e50-8a9a-f057e45e8558,5907416928,e1.r5d24dc9c8297469581ff94999194fb6f.0.0,done,sold,d40a1f49-2092-4fca-95bd-f5fd7396be5c,WB-GI-284957520,2026-09-30 08:40:44.235246+00,2026-09-29 10:38:01+00,b8f6b9e9baa5cf0f46c4883b0d157283
8a94cb30-20a6-41bb-ad65-6205785b72d9,c9e9d29c-59e7-496f-9e56-66f2ad5136d1,5928642439,eAU.r9567420db52b4cc7bb486c77de6fb55d.0.0,sorted,ready_for_pickup,b2b8721a-b16b-47bb-8b8c-8f5d9c55511a,WB-GI-286722960,2026-10-02 07:16:45.644147+00,2026-10-01 16:08:49+00,a91fc0719e18df980a54c9571e89215f
8adb7728-8fa5-4a99-a6b9-a8335f176668,0832dc47-d5a3-4f99-963d-19729732f4e2,5908075074,ei.ra0cc9fdc7d8c4ccea045d1696c0975ef.29.0,done,sold,9e1c8898-5630-4589-9869-b14108940561,WB-GI-285539064,2026-09-30 16:26:55.853478+00,2026-09-29 11:54:51+00,21ff3ab828370a6cf1969bc20d7ccf59
8b1a50cf-378c-4e51-9515-7b519da59131,a3df4c9c-dea4-471b-8728-6d7a6dd8014b,5938392895,eAB.rb23ce856d7b248deae39810396a0e25b.1.0,sorted,sorted,201a9446-e583-433f-9513-29ff137cd99a,WB-GI-286786083,2026-10-04 13:49:04.554605+00,2026-10-02 19:41:33+00,4b657f4f20e6f7daa4d9895d0f6a2712
8c644297-7502-4ff5-8f45-d5fcacf95328,3f35c2fd-3ba3-4a88-b1ba-71f232c96296,5954476909,ebT.rd76c549a38924476a4fc49ac216b50ee.0.0,sorted,sorted,cf461de1-b34d-410e-ba76-ea059d315f90,WB-GI-288317046,2026-10-05 09:03:39.676716+00,2026-10-04 18:45:15+00,832bfa9c0d9351f51cf6878ca4901cb5
8cb4ac19-699b-4ff1-aa94-53c6e790874e,ae4fe56a-ed11-49f3-a3f4-78a6ced77c39,5910693188,ebJ.rc17a816965574ba6bc95b38a11b9013d.0.0,done,sold,d40a1f49-2092-4fca-95bd-f5fd7396be5c,WB-GI-284957520,2026-09-30 08:40:44.235246+00,2026-09-29 17:01:53+00,2e75ba7c2b25b5a8fbc1fae33482132b
8d2fc7a1-171d-4063-92e6-f3feafdfbacb,dbb12d99-0932-44a5-b188-1e1414490d65,5926158292,en.re05ecfae4ae04191a1851884326fe71d.2.0,sorted,ready_for_pickup,b2b8721a-b16b-47bb-8b8c-8f5d9c55511a,WB-GI-286722960,2026-10-02 07:16:45.644147+00,2026-10-01 10:50:45+00,6eed16935e631fd1f9536fce9fbc5c29
8da28b91-6c7a-4205-a79d-627bd772e42c,457c2f1b-ceb8-4e75-b6db-873b5969a33d,5952941781,eAK.d1e5b81f2c53044c7b19136a3224d50b9.0.0,sorted,sorted,cf461de1-b34d-410e-ba76-ea059d315f90,WB-GI-288317046,2026-10-05 09:03:39.676716+00,2026-10-04 15:50:26+00,87b00680666b5e6784686cdab2fb5f13
8f174987-f7cf-4f23-99f3-63ef54584a97,85a051ee-6bf7-445a-af4b-e29b2e8e4077,5820714258,ecC.icabb17e2c14e703acf8ae0949cf4a9db.0.0,done,sold,d4a85660-7fe5-4366-b3e6-1f2ef9943c7d,WB-GI-280988625,2026-09-20 20:39:41.40378+00,2026-09-20 10:14:36+00,814ff428d463425f5f50ac489dc23e7a
8f6da422-f8b4-4338-926a-f207cfe646c5,970967ed-dd0e-4ca6-bad7-f53b2226a1c1,5938506192,eca.r57e2ee02c84b4826921d36f6b7c2da68.4.0,sorted,sorted,201a9446-e583-433f-9513-29ff137cd99a,WB-GI-286786083,2026-10-04 13:49:04.554605+00,2026-10-02 20:02:47+00,7748cb828720e0fffbfc4883c9bd355a
8f889368-cf42-44aa-822d-8ff6bef9b01f,e37f11a5-e224-4bdf-a556-3fbeadf0693c,5954029219,eBt.i08b7abe4b724eb4d218079c8818d4814.0.0,sorted,sorted,cf461de1-b34d-410e-ba76-ea059d315f90,WB-GI-288317046,2026-10-05 09:03:39.676716+00,2026-10-04 17:53:21+00,c210f60a1fea00ca95580ad43c5949cd
908632b3-03b5-4a3b-a460-8a5cd660eb38,8ad7f282-317e-4458-8751-1420886a3d0f,5850890254,eBl.ref4af06757d5445895560fdcf3ac900e.0.0,sorted,ready_for_pickup,2d0be200-5b41-4247-9163-3f1327e7efca,WB-GI-282479763,2026-09-25 07:38:14.313455+00,2026-09-23 15:20:26+00,eeae6d02694a023790c37639ac1742b0
924d6a02-b1a9-49ce-9fe2-095d9339209f,97d7e5fa-9641-4bc9-90fe-4c1e40317f9e,5918278241,eAS.rbe3a1e45772540efa01c4063a2e66164.0.0,done,sold,c73d2573-73c9-422e-ad22-6f310fd955dc,WB-GI-286237409,2026-10-01 10:36:46.064108+00,2026-09-30 13:36:07+00,bd322c16e3987eb3f019c1e599d56567
92a3cf94-380c-47e5-8bc9-b1131d6edb91,26f0dd66-6987-486b-a641-dd6490416dc0,5947300003,eg.i26156831cc4264e15863cabe2fbdc64c.1.0,sorted,ready_for_pickup,201a9446-e583-433f-9513-29ff137cd99a,WB-GI-286786083,2026-10-04 13:49:04.554605+00,2026-10-04 03:17:09+00,409c46a7878221b3f67356905b09e0eb
943280fe-2324-42cf-8d48-f3eeb2d472a3,52caea32-1688-4575-9396-b6092da4450d,5902460382,eAO.if5b62d574bb3e354a978f64786b237b5.0.0,done,sold,d40a1f49-2092-4fca-95bd-f5fd7396be5c,WB-GI-284957520,2026-09-30 08:40:44.235246+00,2026-09-28 19:06:04+00,8ea228f310e3c0c198384d2eb5e06669
94421797-cfc2-4166-95f5-d68e19931953,e595608f-9f03-4001-a040-52457588d4df,5921954288,e3.rba73cd1281df4edf9689070d31f913dc.0.0,sorted,ready_for_pickup,c73d2573-73c9-422e-ad22-6f310fd955dc,WB-GI-286237409,2026-10-01 10:36:46.064108+00,2026-09-30 21:19:33+00,9d569338cce3bb2e766d35ad29b5640c
959b6839-d874-4871-9cf1-e88989fa5572,b7de02da-e19d-4d25-9428-71bf90a5134f,5853503752,eBH.ibce398fa45f2d4e607ecdd0d92d18817.1.0,sorted,ready_for_pickup,2d0be200-5b41-4247-9163-3f1327e7efca,WB-GI-282479763,2026-09-25 07:38:14.313455+00,2026-09-23 20:19:52+00,01afdc66c9a50d92f14acf5cd5e4e801
959f8d1c-63c3-4725-aa67-c05c730c60b5,467c29b0-a744-4a91-977c-bd9586259531,5909462509,eAf.r91cdf2bcf45c4cd38376b804e9f17330.0.0,sorted,ready_for_pickup,d40a1f49-2092-4fca-95bd-f5fd7396be5c,WB-GI-284957520,2026-09-30 08:40:44.235246+00,2026-09-29 14:40:07+00,55b74713bd32e0d3f4417848e7ebe575
9680c1e7-45c7-4199-a31f-4166c2e8ba5c,44940a63-51e8-48d7-bc7c-90d654bbd5a0,5902325944,eH.r102b0dd4add7403ab70b45abf357fdb1.0.0,done,sold,d40a1f49-2092-4fca-95bd-f5fd7396be5c,WB-GI-284957520,2026-09-30 08:40:44.235246+00,2026-09-28 18:50:38+00,07ddd357c19afea09c500878f5134f8f
980d7c44-eff4-4daf-9d53-0d13ca67f457,7d864785-a84f-43a7-8b04-470490a5f439,5933404538,eN.rd0d85223d83449cbb381a17e2c505062.1.0,sorted,ready_for_pickup,201a9446-e583-433f-9513-29ff137cd99a,WB-GI-286786083,2026-10-04 13:49:04.554605+00,2026-10-02 08:26:00+00,a457fcd2e7409a3608d16f9c9717456f
9813ef39-3ae3-4506-84a3-8c6806543ead,d85ec2a6-b771-470b-bedf-ce94f74e427d,5835781548,ecc.i7b5875fbaaa2eddba37c79acde506151.0.0,sorted,ready_for_pickup,2e6ce8af-e754-4b28-995c-763f6e5b7855,WB-GI-281976950,2026-09-22 16:32:08.082852+00,2026-09-22 03:55:04+00,70f667e108aa3b8869f1279ead93723a
981a0f36-14ad-41dc-9c51-96a69b2e83ac,cf80ab66-4898-40fa-bf9b-dd5fbec9bdb9,5893188563,eAX.r3d520a57d93d4703a886745709df9ce0.0.0,sorted,ready_for_pickup,d40a1f49-2092-4fca-95bd-f5fd7396be5c,WB-GI-284957520,2026-09-30 08:40:44.235246+00,2026-09-27 19:53:20+00,3c62d31f8a490341add3a658a460af6c
9a8be6df-a837-4098-aba2-ee137f3551e9,459ab327-3f15-4632-ab5a-00da45d3cf5d,5917064382,ebB.i6b9b685c04db3814c2c6a5a1013dec17.0.0,sorted,ready_for_pickup,c73d2573-73c9-422e-ad22-6f310fd955dc,WB-GI-286237409,2026-10-01 10:36:46.064108+00,2026-09-30 11:10:49+00,5e7be09ccb97bca711161b0e4e68248f
9b2671d2-c7c2-4ef2-bb7d-b0307d7cf1a5,4175abad-83f6-4a2e-9f89-13ffdaee25a5,5926875856,er.r6b25d515a5ae417293201a7169d0b3a4.6.0,sorted,ready_for_pickup,b2b8721a-b16b-47bb-8b8c-8f5d9c55511a,WB-GI-286722960,2026-10-02 07:16:45.644147+00,2026-10-01 12:17:25+00,4a8c98f39f4c58089bc4261a0c47239f
9cfeb72a-197c-41cf-9402-89792a729d8e,1517491c-e009-41a0-8ad3-3f5bfcbaceb6,5807803330,eba.r88f96a4c085745cea0eab2d5509c886f.0.0,done,sold,8c61bba5-f07b-47a0-abe5-3af8ac4399f8,WB-GI-280197317,2026-09-18 18:49:23.37286+00,2026-09-18 17:53:49+00,1998091e2585eb6bd3cb4ac6ea7096fb
9d2c7535-e3e7-4228-a155-06de1143cc3e,79f17db7-1626-4bfc-a9eb-c6a483343dd8,5851367375,eAL.r433c37516bd049b88aec70b3a93974a0.0.0,done,sold,2d0be200-5b41-4247-9163-3f1327e7efca,WB-GI-282479763,2026-09-25 07:38:14.313455+00,2026-09-23 16:13:54+00,7c158c97effe63219be28fc0b532b518
9d8b62f7-f9ec-4858-b4a2-be425058228e,231c30f1-ae8d-446b-b1e9-9efb8429a7ac,5863845994,eBy.ia657f741067ee9b1d5602cc64771e169.0.0,done,sold,83f59721-bfec-4e67-8ad5-9e33f119e65c,WB-GI-283060158,2026-09-25 17:14:26.231754+00,2026-09-24 17:39:49+00,ac70178e90f93c7c329b19eab3ca2c83
9ed56935-1af3-4605-b9f2-f3859e6b82ed,dd7f6c1e-e5d4-44c6-bf1a-7fe39914b556,5955113113,eBO.r12e9c558bff04f0c855e562da31b0487.0.0,sorted,sorted,cf461de1-b34d-410e-ba76-ea059d315f90,WB-GI-288317046,2026-10-05 09:03:39.676716+00,2026-10-04 20:12:11+00,6ba07128e700f047711c18b4b0092c94
9f716261-f43a-441f-a830-bc4fff829619,d1f570da-7cbb-4629-82e9-ba24a101bff2,5907753195,e5.r8b7c13b5c0914f2f8f0133adef8b66f8.0.0,sorted,ready_for_pickup,d40a1f49-2092-4fca-95bd-f5fd7396be5c,WB-GI-284957520,2026-09-30 08:40:44.235246+00,2026-09-29 11:16:58+00,43b469f4b0822cde8443579c86e1bb22
a07b87ff-920c-4536-a600-32a6eb6ba034,c79caa03-0fe7-410d-a5bf-aa8448c5d15a,5924349347,ev.r3b8c253b9bed4554bf3644a16410caed.1.0,sorted,ready_for_pickup,c73d2573-73c9-422e-ad22-6f310fd955dc,WB-GI-286237409,2026-10-01 10:36:46.064108+00,2026-10-01 07:23:07+00,d5676fbdda7f4bd4061b9723e8919f35
a206f0b3-13cf-4b25-ac16-4249e56df79d,4eebe894-415f-4455-8656-030c1ef2c0db,5850458982,ebf.if3ddca00fa8d3fb8f240eee5e23eee89.0.0,sorted,ready_for_pickup,2d0be200-5b41-4247-9163-3f1327e7efca,WB-GI-282479763,2026-09-25 07:38:14.313455+00,2026-09-23 14:29:56+00,b10b29aa4c69a0646782bf40105ff4f7
a3759be9-50a0-4a06-b883-98e52174ccde,b0499a2b-9bc5-4dec-8c71-8b2dcbd83d51,5887206132,ebJ.ife4afa8386e6fe8978b206a000bda809.0.0,sorted,ready_for_pickup,dc1b762c-0940-49a4-9915-00be5c2c1621,WB-GI-284484482,2026-09-29 07:50:12.889848+00,2026-09-27 09:32:57+00,1d0bbe2c03a246a4c954e47e4161cf32
a506f6d1-b940-4045-aab1-4f55e0f50ef6,23eca46a-6427-4115-8ca8-04ec4f51350d,5893074390,eN.ra583924084ee46aca9d071e320a1aa38.0.0,sorted,ready_for_pickup,97d59d8d-6a59-400b-a3b3-88d00db021b3,WB-GI-285550383,2026-09-29 18:32:29.431058+00,2026-09-27 19:39:03+00,44e10f445a1450fa0c7964f261ed635c
a61f1b1a-8c0a-4e56-b078-60fad85a5359,e3b3f250-99f8-40d5-b1bf-2c2ca7cd58b5,5851599008,e4.de50bedbe2293428bbc716f67a7c03fd5.0.0,done,sold,2d0be200-5b41-4247-9163-3f1327e7efca,WB-GI-282479763,2026-09-25 07:38:14.313455+00,2026-09-23 16:39:30+00,6deb286b6a8c33a1a2e6170214bf36ce
a65fd61d-8e78-46ec-b854-a6eae83bd3ad,c5bf7924-a463-4ffa-a29d-e5f69b402b49,5864317690,eb5.ibfc404dd2c6406f8f1dcb3b1b7fc52f6.0.0,sorted,ready_for_pickup,83f59721-bfec-4e67-8ad5-9e33f119e65c,WB-GI-283060158,2026-09-25 17:14:26.231754+00,2026-09-24 18:30:37+00,f0f851e326b205ca3c708ff279da7154
a6b56802-ad6b-4262-94ea-276ee4b8d892,181d597b-a3f7-449a-b013-b71ddab62ba9,5857009141,ebk.ia824d8cb206421bfca20e4682517976c.0.0,sorted,ready_for_pickup,2d0be200-5b41-4247-9163-3f1327e7efca,WB-GI-282479763,2026-09-25 07:38:14.313455+00,2026-09-24 08:29:19+00,86ccf206c362d202114c5b953475ea2b
a6d27c01-1453-4815-9c20-70e0e3077873,a32beed8-0875-42d2-9665-82ee354d8606,5890308606,e4.ra5c8c32f0e874ce7bac6c1fd894c2412.0.0,done,sold,dc1b762c-0940-49a4-9915-00be5c2c1621,WB-GI-284484482,2026-09-29 07:50:12.889848+00,2026-09-27 14:53:45+00,868f9b6e7c4dd7edb788fe1eb6c8ed58
a715f08a-ca05-4fd7-bd39-ffaddfedf5c7,25a54b52-e574-4122-a49d-16bb7af03887,5929776397,eAh.i00a8cca00ec5aa23bda89981fa20dacf.1.0,sorted,ready_for_pickup,b2b8721a-b16b-47bb-8b8c-8f5d9c55511a,WB-GI-286722960,2026-10-02 07:16:45.644147+00,2026-10-01 18:26:33+00,2fe386f6dd0b0bb0cd5ef34840197c29
a7d0916d-35ac-4904-a74b-7dcfe0e06c44,05e82d67-3507-48cc-a43c-45b0a9b53bbc,5951894963,eL.rcad9c07f2ca348eeb96916ba45c6e253.0.0,sorted,sorted,cf461de1-b34d-410e-ba76-ea059d315f90,WB-GI-288317046,2026-10-05 09:03:39.676716+00,2026-10-04 13:45:54+00,19368b2f12ced61e2eaf7d817aa53a72
a7e9b9a5-55f9-4814-b035-2305f3fbec99,0bd51456-2f75-4e21-8123-30fbad397843,5891217367,es.ra35a810221a94fc0a37cd389ab1f9dbe.0.0,done,sold,dc1b762c-0940-49a4-9915-00be5c2c1621,WB-GI-284484482,2026-09-29 07:50:12.889848+00,2026-09-27 16:28:36+00,2b821ea1123d50f6592693b260e744da
a83a66e7-78bb-4ec5-9324-80ca9cf31dba,48e6a252-9024-499e-bf8e-d2d4f8a1be53,5893802006,eT.r80f86dfaa30d40a7976827bad4331ca5.0.0,done,sold,d40a1f49-2092-4fca-95bd-f5fd7396be5c,WB-GI-284957520,2026-09-30 08:40:44.235246+00,2026-09-27 21:22:51+00,c2db0acefc809d82ea6584d8b106a97a
a97d5335-a7f7-437d-8d1c-6e13757a10fc,58496757-5536-49cf-b195-7254b5bd0b46,5939707876,ebp.r7cee306c82a9435b94b3c29bcc5e2feb.0.0,sorted,sorted,201a9446-e583-433f-9513-29ff137cd99a,WB-GI-286786083,2026-10-04 13:49:04.554605+00,2026-10-03 04:44:01+00,c500404eecb65fe44d6ffd8787cbc6c2
ab8be18b-bee1-4c36-b8a9-5391ead3ec28,9efea525-3ea5-4bbb-a5c3-2391b39a1a6a,5852013523,eAr.ra7727baf20034884949787385fbb5558.0.0,done,sold,83f59721-bfec-4e67-8ad5-9e33f119e65c,WB-GI-283060158,2026-09-25 17:14:26.231754+00,2026-09-23 17:23:16+00,ac27d76dfbef5ae62ed95f7d5e5c7caa
aeb7d277-8eb0-430f-bb9c-fdb2cb9c4980,300425e4-32df-4047-91ff-c336f21f1da1,5917597897,eB6.ieef5c5ba166213270d510e7ec3e06e5c.0.0,sorted,ready_for_pickup,c73d2573-73c9-422e-ad22-6f310fd955dc,WB-GI-286237409,2026-10-01 10:36:46.064108+00,2026-09-30 12:14:26+00,468febb35af0960cabeacd519fe10ed1
aed06c4e-5c41-4b4f-bbd2-a160c318628e,ca0685b9-b949-4f08-b799-a06381d6ea07,5937061308,eB2.r0c857dfaa9a84d98b3482fed3c182dcc.2.0,sorted,sorted,201a9446-e583-433f-9513-29ff137cd99a,WB-GI-286786083,2026-10-04 13:49:04.554605+00,2026-10-02 16:27:33+00,491b5aafc741847fd93a14f8094aae57
aee615ad-5bdd-49c3-8df4-26f3984f7d63,2c8971c5-f9bf-47b4-80a9-0ee79e66c2fe,5918925804,eA6.r68f20f71b05a4763acd8cf9b1c786f9a.1.0,done,sold,c73d2573-73c9-422e-ad22-6f310fd955dc,WB-GI-286237409,2026-10-01 10:36:46.064108+00,2026-09-30 14:54:47+00,14f258f72056c614bf9e6802cb459ee1
b0b78a7a-db22-4716-90ae-0a1e3c43a58d,0c6181c1-e687-4679-9c2c-66821b031a33,5927590208,eF.i290670e28be4b71b2db58627b286d12b.0.0,done,sold,b2b8721a-b16b-47bb-8b8c-8f5d9c55511a,WB-GI-286722960,2026-10-02 07:16:45.644147+00,2026-10-01 13:49:00+00,328aa3f7b7e9f7bc7b9b48e5818c8e0c
b20a4b16-d410-43f8-a8d9-e37e27d2003e,26332c1d-fe09-4187-ab66-6de4c07bf3b2,5913126990,eBS.i4db4211e013c3e73b7f105454035dd16.0.0,sorted,sorted,a4b1ca57-92b8-4cbe-ab96-6f1f118fbace,WB-GI-285797274,2026-09-30 09:15:56.848412+00,2026-09-30 01:29:34+00,237f74304fb8b8539390a0110bc7cacc
b4d6df8e-46f4-4f40-b391-de7d456e0ef3,9ef647b8-348a-4910-b51a-f4f3081cf844,5904450013,eBO.r7a7ad11d825e405f9e87e35795c2d7d9.0.0,sorted,ready_for_pickup,d40a1f49-2092-4fca-95bd-f5fd7396be5c,WB-GI-284957520,2026-09-30 08:40:44.235246+00,2026-09-29 04:47:30+00,9f8dac3cb14d4d515bb7dc843ac8f9cb
b5d5a534-2c98-4bfc-9434-8b51663b03ee,8fad8e5f-8675-4b80-a7f4-8c84372e3ed5,5954784120,eBG.r1a81c3c02b4d4bc69a61007a54b3e4ac.0.0,sorted,sorted,cf461de1-b34d-410e-ba76-ea059d315f90,WB-GI-288317046,2026-10-05 09:03:39.676716+00,2026-10-04 19:23:48+00,08f6609abaa2323a0960cc7e393706d7
b7aabc1f-37dc-41a8-9df2-66e13641dcd8,31f1e68f-4e4e-4aa3-8c67-9b1af73041db,5943331500,eb0.r89309afe181b441b96944bf328bab2ce.0.0,sorted,sorted,201a9446-e583-433f-9513-29ff137cd99a,WB-GI-286786083,2026-10-04 13:49:04.554605+00,2026-10-03 12:58:10+00,5cd67c00b3739078443f3f93f7a9f2c4
b8489102-34ac-460e-8cbf-b51a2f66f3ee,9db0359b-d6b4-4dce-9242-68a0dfdf109b,5839125123,ebd.icb82b9316cb214abc894d41e9674c610.0.0,done,sold,2e6ce8af-e754-4b28-995c-763f6e5b7855,WB-GI-281976950,2026-09-22 16:32:08.082852+00,2026-09-22 11:02:18+00,6927dcb1422d5f7af740e24fb2313438
ba161850-7498-4675-8007-961b68dc0ce4,59655b12-740a-44e7-a604-b44ac5d93d9f,5936027637,eb.rdf189e28ae0042189029b0d85356a757.1.0,sorted,sorted,201a9446-e583-433f-9513-29ff137cd99a,WB-GI-286786083,2026-10-04 13:49:04.554605+00,2026-10-02 14:03:37+00,5006abebdaa24335d9ebe79c67daef15
bb09b9a2-7ee1-476c-b786-c1938ad58f33,5608dbdf-d199-41fd-aeff-d0f17670287a,5905575219,eBa.red74b857bd314586a2eb27f59ff6237d.0.0,sorted,sorted,d40a1f49-2092-4fca-95bd-f5fd7396be5c,WB-GI-284957520,2026-09-30 08:40:44.235246+00,2026-09-29 07:08:33+00,09a7121578a2f8095b106ae5b2b94230
bf747f51-b142-43b5-b899-b236993f6834,65250d65-7d0c-41c3-8df3-51cbcda3a39d,5951604691,eBP.i6c11ecc98e502b9f4081001f0a76e6b3.0.0,sorted,sorted,201a9446-e583-433f-9513-29ff137cd99a,WB-GI-286786083,2026-10-04 13:49:04.554605+00,2026-10-04 13:12:10+00,63649016e203270ec22392546405c07d
bfb5e4ff-dbfb-406e-b81a-0c03c6ca9a6b,0018e2d4-a9b9-4bb8-bf82-4290ceb12604,5812183458,eb1.i0ebd5a23455bce177a0c9631423c9b12.4.0,done,sold,e7fe7a5a-ba88-4a48-a682-28d7e35bff93,WB-GI-280439715,2026-09-19 16:39:49.898056+00,2026-09-19 09:40:17+00,e09e82b6ef0318bf55adb465fb1e8a38
c03394b0-6264-491c-8b99-6ec5ca5c7174,e22c7422-c13e-4507-a0b4-fcb7d1df805d,5864584753,eAp.rfb3120768b1c4a39a9a0e3555475ed8c.0.0,done,sold,83f59721-bfec-4e67-8ad5-9e33f119e65c,WB-GI-283060158,2026-09-25 17:14:26.231754+00,2026-09-24 19:00:38+00,f993afb8182d3fe35b0db2fb95e1be64
c1716e47-e2e3-490f-bbf8-e1291558a824,9dfc29e0-627c-4362-9444-8b11a1dd9d3d,5904309305,eBn.i2442972411c264c9e19caf7de779d9b1.0.0,done,sold,d40a1f49-2092-4fca-95bd-f5fd7396be5c,WB-GI-284957520,2026-09-30 08:40:44.235246+00,2026-09-29 04:24:26+00,0d63a4ceb6c4f4e32edae496eab0c258
c215df68-78de-4dcf-82ab-7788d8e3b419,6a2360c4-5c10-404c-adb3-9f9df269196f,5857525131,eBG.i70bb440f568f71c436e2bb08ce8a8a21.1.0,done,sold,83f59721-bfec-4e67-8ad5-9e33f119e65c,WB-GI-283060158,2026-09-25 17:14:26.231754+00,2026-09-24 09:26:24+00,6d2d7176057de933863384a9ac72d5c0
c2d125f5-52c4-4bd5-9205-6a54ac8d67d4,287551eb-8d2f-4278-8da0-fd5d44e82011,5924782842,ebz.r810cde07c2e444b38d9f5843039a74f0.0.0,sorted,ready_for_pickup,c73d2573-73c9-422e-ad22-6f310fd955dc,WB-GI-286237409,2026-10-01 10:36:46.064108+00,2026-10-01 08:11:24+00,811d84d945d56f791fc1bfee2d42b44a
c39620d6-e135-48ad-881a-eb63a992d672,b5807fcc-5ce4-4c0f-8bc3-bbeb95dc1e22,5929153321,eAp.i5300c8cc21f205c011ae0e97a2517f57.0.0,sorted,ready_for_pickup,b2b8721a-b16b-47bb-8b8c-8f5d9c55511a,WB-GI-286722960,2026-10-02 07:16:45.644147+00,2026-10-01 17:12:30+00,6ebde77cce8374621337070496516b4c
c47b0880-2283-496d-80be-dc6127aa347c,065d0239-68d4-4879-8d5d-8658d66510cb,5848057939,ebf.i6a63da05d796a2d136d9b2c9da7ca63e.1.0,sorted,ready_for_pickup,2d0be200-5b41-4247-9163-3f1327e7efca,WB-GI-282479763,2026-09-25 07:38:14.313455+00,2026-09-23 10:00:17+00,20616e39075d54136bc9e62886358a40
c5219133-721a-41b3-b6a4-093c575daeeb,e8d4409d-6c22-4473-831e-c50a589a493b,5809136493,eBB.i8973369c6d90e3001a1730080de21820.0.0,done,sold,e7fe7a5a-ba88-4a48-a682-28d7e35bff93,WB-GI-280439715,2026-09-19 16:39:49.898056+00,2026-09-18 22:08:38+00,0b3d434abf3c639a276f860333062f55
c5892d2c-c29c-4e7e-9826-893581bcb7f1,4b119102-396d-4267-bd32-79f6e9ace062,5866025181,eBu.if46f3c92af5be48188a2a18421b930df.0.0,sorted,ready_for_pickup,83f59721-bfec-4e67-8ad5-9e33f119e65c,WB-GI-283060158,2026-09-25 17:14:26.231754+00,2026-09-25 01:22:59+00,10bb2ee49568eb0b99505094f7f0a93e
c6cc10d5-5475-4eac-b889-8191047ee691,6e8275d0-afdd-4715-881f-c1d1691fdfa7,5891545068,eK.i720060a53a62375cc6457436825fbafd.0.0,sorted,ready_for_pickup,dc1b762c-0940-49a4-9915-00be5c2c1621,WB-GI-284484482,2026-09-29 07:50:12.889848+00,2026-09-27 17:01:58+00,953c350923097dd6f78bfe921c831395
c9391ebe-21f5-4b1a-89c4-1607563e341a,3f42fc7f-a23c-4416-acff-7695e9347cc9,5803306927,ebe.raf9b3af6fe63445d9a1a5f3ae44102ae.0.0,done,sold,ecd24223-b160-455b-9be6-4a1484a54b8e,WB-GI-279997769,2026-09-18 10:51:50.849041+00,2026-09-18 08:18:28+00,dcac35a8727d4c2f3e3f4dd611365c76
ca919c7b-faf8-49cd-96bc-8dab50da29f7,06b9a546-381c-4a69-84b0-705d3a16fb94,5957614109,eBZ.i9fe5161595b5f817c32978f80df65231.0.0,sorted,sorted,cf461de1-b34d-410e-ba76-ea059d315f90,WB-GI-288317046,2026-10-05 09:03:39.676716+00,2026-10-05 07:08:46+00,7e88666ac2fa3f3cc0439bec1969a5d7
cab0879f-50d6-4cb6-8036-850f1a4fc417,6337c17c-a412-41ed-a2c0-d8130497738e,5954196737,em.i691518015daeea37203913d56ac2e7d9.0.0,sorted,sorted,cf461de1-b34d-410e-ba76-ea059d315f90,WB-GI-288317046,2026-10-05 09:03:39.676716+00,2026-10-04 18:12:31+00,a725a1a4e10bde380919a29b7c296cd4
cbc6d8e2-ed32-4f0d-bfa1-81e78f0d9bce,34b33cac-1106-4395-89e3-9c5839976f70,5935547156,eB.m782c53c9abcd49a784ed87b80b8e43ab.0.0,sorted,sorted,201a9446-e583-433f-9513-29ff137cd99a,WB-GI-286786083,2026-10-04 13:49:04.554605+00,2026-10-02 13:00:30+00,0f69b2968280e8247ba3184cc4279cf6
cc5e2db9-eef5-4f0a-88e4-237c9add2b15,ca2c5b1f-e00d-4256-9466-d3dc1c42568b,5905809390,eBY.r972e0039692e47d99f73e98cb10282fd.0.0,done,sold,d40a1f49-2092-4fca-95bd-f5fd7396be5c,WB-GI-284957520,2026-09-30 08:40:44.235246+00,2026-09-29 07:34:50+00,cbbac7130225a441411e7d73084173d0
cd3c5b6b-3533-4753-b3a7-fe6995c983be,aa760a24-b123-46a3-92fd-416a4df9b7bd,5888997953,eB0.i42ed8c6660e9e197ba37eb6025bf7c02.0.0,sorted,ready_for_pickup,dc1b762c-0940-49a4-9915-00be5c2c1621,WB-GI-284484482,2026-09-29 07:50:12.889848+00,2026-09-27 12:37:27+00,29a83d9bec2a0ce0ac0bcc263702e6c1
cda5fad8-0b4b-48e1-98dd-23a46216853d,625a22ea-74f2-4907-b19d-743626e87f4e,5914325967,eAu.r81c8067838be427994f4e31e3f67b503.0.0,done,sold,a4b1ca57-92b8-4cbe-ab96-6f1f118fbace,WB-GI-285797274,2026-09-30 09:15:56.848412+00,2026-09-30 05:53:34+00,bb018db0e20e0d85bd8536d1dfaa7f55
ce9001f8-2704-4776-8b18-fd6476c5e0ca,e0c149ab-b004-49dc-96d0-8aeed9372d10,5942445127,eb0.if9e7f2b46d483f4cb2025dfc1b5e53be.0.0,sorted,sorted,201a9446-e583-433f-9513-29ff137cd99a,WB-GI-286786083,2026-10-04 13:49:04.554605+00,2026-10-03 11:02:31+00,639127aee090012186e401afe2df30d1
cecbc538-7c28-47a8-8c38-52d1dbae1b5e,3ce7f824-2fba-427b-99ee-9a2d767c49ae,5901572972,eAK.rae78a20776e045da96dc342d860736a3.0.0,done,sold,d40a1f49-2092-4fca-95bd-f5fd7396be5c,WB-GI-284957520,2026-09-30 08:40:44.235246+00,2026-09-28 17:28:58+00,f43da7f44d06dddefd7f2b653249fe3a
cf6cd709-d7f3-457a-9d84-7526b89997fa,369d76f5-25dc-46f6-a92c-5723c8a1633a,5854752799,eBi.ie03027ac1022abcc9cd6274723aaa4ef.1.0,sorted,ready_for_pickup,2d0be200-5b41-4247-9163-3f1327e7efca,WB-GI-282479763,2026-09-25 07:38:14.313455+00,2026-09-24 03:54:36+00,165693afb03c16bae84cf6f1238a13e3
d1762e7f-e541-4751-bdde-e6b1548455ef,2f5618fd-ec21-42bc-8bd9-3246a3784fa7,5889297064,eAj.i4049a9346e25ebf036fd050ee99590ca.0.0,sorted,ready_for_pickup,dc1b762c-0940-49a4-9915-00be5c2c1621,WB-GI-284484482,2026-09-29 07:50:12.889848+00,2026-09-27 13:08:15+00,a67b7ca228c865557cb5bab15be2be56
d22ad93a-7b65-4291-bcd1-71615f0c75da,eda3cd64-b6cb-4619-8d29-6655e2f82f96,5952808601,ebi.ica067aecfac046d7ac1178d31cd8313b.0.0,sorted,sorted,cf461de1-b34d-410e-ba76-ea059d315f90,WB-GI-288317046,2026-10-05 09:03:39.676716+00,2026-10-04 15:35:01+00,dc975316d22a7f26663d0f8f84f43e27
d4265905-b9fe-4366-b979-7071d54ded6a,e6ea99f9-9d50-4756-a39c-1d0537c3684e,5844502250,ebg.ia233382b7ca57214750e41899b2bb4b3.0.0,done,sold,2d0be200-5b41-4247-9163-3f1327e7efca,WB-GI-282479763,2026-09-25 07:38:14.313455+00,2026-09-22 23:47:28+00,1a4d702e3777644ddc10eb48d7dfda0f
d4b5f1a2-e4be-49db-9e3d-dff90107dbad,84e36337-b87b-4ca2-92c6-4cc4a72cb512,5841992596,eca.r45be6463ca56453baf1a582152e474d1.0.0,done,sold,1aad1320-b428-4548-9401-742c4aead998,WB-GI-282007917,2026-09-22 17:39:58.547193+00,2026-09-22 16:37:33+00,c7f7c47418193c1ddab5672e29a2c483
d5b9a8a2-c8bd-45e3-9725-cd927631cef7,1cf6f362-ac01-49b2-a944-b8329720b3c1,5953650110,eQ.r33a1c9e19f9d4f24ae0fdd5e678badce.0.0,sorted,sorted,cf461de1-b34d-410e-ba76-ea059d315f90,WB-GI-288317046,2026-10-05 09:03:39.676716+00,2026-10-04 17:11:24+00,173e28cf683461f59574f5bc67d6bfa6
d5c03468-d3b1-47b7-add6-d1143773c83f,939d479f-6463-4abc-9ec5-8e30da29febc,5938543348,eS.i05e925747cc762c76259a224b23af134.0.0,sorted,sorted,201a9446-e583-433f-9513-29ff137cd99a,WB-GI-286786083,2026-10-04 13:49:04.554605+00,2026-10-02 20:10:13+00,ab86aeaae00187e9e157d8082ca6defa
d713c7eb-4ef7-472e-95de-794400536b0e,9ced9049-ae78-40e3-91ff-13413bf4a421,5914182211,eBq.i8eeb12cefb7988b5080aca040336d189.0.0,done,sold,a4b1ca57-92b8-4cbe-ab96-6f1f118fbace,WB-GI-285797274,2026-09-30 09:15:56.848412+00,2026-09-30 05:35:07+00,e47da831a2bf5c68e834444a6bd84628
d79b900c-7bdb-4cbf-840c-3abe6efb9299,f59964b7-3454-4083-9d05-9693409a0b65,5800165076,ee.rced302e307ef4fe2b83bce750421aa66.0.0,done,sold,ecd24223-b160-455b-9be6-4a1484a54b8e,WB-GI-279997769,2026-09-18 10:51:50.849041+00,2026-09-17 20:32:35+00,1a1aa9bd2ea2eb5433a604b9ef407d9c
d8335f67-75e7-44c2-8f48-42ee90f8e42b,a2f1caf4-86d2-4826-88e0-368bc3ace42a,5907377951,eAl.i06f7f498001447b50bdbe5c0b2ce8046.0.0,sorted,ready_for_pickup,d40a1f49-2092-4fca-95bd-f5fd7396be5c,WB-GI-284957520,2026-09-30 08:40:44.235246+00,2026-09-29 10:33:33+00,f5b6ae4c37771a037f257ac06446d6d3
d8819a47-9eef-472d-ade1-5884aa62deb1,167e1e11-8850-4782-b7ff-d171aa87b624,5908647509,eZ.idcd0b7996a3b6fb6c609f4bf58e7b92d.0.0,sorted,ready_for_pickup,d40a1f49-2092-4fca-95bd-f5fd7396be5c,WB-GI-284957520,2026-09-30 08:40:44.235246+00,2026-09-29 13:03:04+00,19606e89a7ba3278531f290224f01b78
d92b6072-c1e3-4fe7-9243-1d6f2d6b35ee,016bf137-9f2e-41b9-95a7-8e25823ca69a,5906926863,e6.i7a3d2e53982f6bd72541ed4533f85160.1.0,done,sold,d40a1f49-2092-4fca-95bd-f5fd7396be5c,WB-GI-284957520,2026-09-30 08:40:44.235246+00,2026-09-29 09:41:01+00,e82ffa760b4b43332c7b90b904136964
dad0c1f2-8289-4b43-9003-73d188aa9c49,acf1a3ea-e4de-4506-b5af-691690649f77,5928329465,eBR.reac3411ea5b741c3a7ec6db90a5c66de.0.0,sorted,ready_for_pickup,b2b8721a-b16b-47bb-8b8c-8f5d9c55511a,WB-GI-286722960,2026-10-02 07:16:45.644147+00,2026-10-01 15:28:52+00,75908dd7f9e561ae80fb0d0df9bbcc5d
db7494dc-6ff7-423e-8b87-eb0037342d9e,0f1b121d-7cc4-4157-8a60-ad436206c42e,5946034913,ebC.r420c6293aa2f437caca238711909573d.0.0,sorted,sorted,201a9446-e583-433f-9513-29ff137cd99a,WB-GI-286786083,2026-10-04 13:49:04.554605+00,2026-10-03 19:07:06+00,f1d1ae51a539bf899b3d862e70b65219
dcf8853c-c496-40f3-828c-79268e671887,3c6fc8e3-4cdf-464b-99f6-77d5927cd5e5,5914279570,eBi.i4ac9a5c0445b25b2604633b08d9517b2.0.0,done,sold,a4b1ca57-92b8-4cbe-ab96-6f1f118fbace,WB-GI-285797274,2026-09-30 09:15:56.848412+00,2026-09-30 05:47:46+00,84c882e13ca7f50187bbdfff7a606c23
dd4c00d0-5c18-4ca8-bebb-1dddc1bdbaa6,382b7a75-f255-4373-9d34-e5af5eff0c19,5929299501,eq.r63c749bb7fbb4849a3df796e1ac01b34.0.0,sorted,ready_for_pickup,b2b8721a-b16b-47bb-8b8c-8f5d9c55511a,WB-GI-286722960,2026-10-02 07:16:45.644147+00,2026-10-01 17:30:15+00,aefeff650f1ffc6c2f500f8697a3a7e1
dd975d2b-34ed-4452-96f4-35df221bc25a,281f7927-b99a-4f01-af05-71de061586eb,5936112437,ebM.i3d6383285d71a842327268d072fc6856.0.0,sorted,sorted,201a9446-e583-433f-9513-29ff137cd99a,WB-GI-286786083,2026-10-04 13:49:04.554605+00,2026-10-02 14:15:16+00,834bf79e4208d2615fcb558f0f6a8b2d
dd9a7558-6cc6-43db-abbc-e7a5e378aa55,6d701237-4286-424c-a3a6-a9da7bab87c8,5906551603,ebY.i93438472d3ad256be592dd65104db6e4.0.0,sorted,ready_for_pickup,d40a1f49-2092-4fca-95bd-f5fd7396be5c,WB-GI-284957520,2026-09-30 08:40:44.235246+00,2026-09-29 08:57:56+00,5ccc87a943d6607fb817828916014c2b
dd9e0fa5-cd9f-4bbc-9d70-c098cb9a569f,afbdda75-ce24-413d-bf0f-06c863f6576a,5923188721,eC.r192cfb564bb742b281877fc1d235b9c0.2.0,sorted,ready_for_pickup,c73d2573-73c9-422e-ad22-6f310fd955dc,WB-GI-286237409,2026-10-01 10:36:46.064108+00,2026-10-01 04:58:26+00,c6367f5e5f69189af64ba32f313c2d5a
dfe9d8b3-b5c4-437b-a002-76e3035ac031,5495bce4-a39a-4da2-90d4-daecda6fe843,5957462657,eS.r50755185e1c1422d949fe259b81498d6.0.0,sorted,sorted,cf461de1-b34d-410e-ba76-ea059d315f90,WB-GI-288317046,2026-10-05 09:03:39.676716+00,2026-10-05 06:48:03+00,6b9fdcacd879447034138dcf04ad59fb
e03e5e9b-2e8a-49bf-9c4b-f820ee14c559,82debb19-9a5b-4d4a-9586-d160d7ed9e1d,5849625159,ef.i79b66828da875d8c88156aaa9942a96c.0.0,done,sold,2d0be200-5b41-4247-9163-3f1327e7efca,WB-GI-282479763,2026-09-25 07:38:14.313455+00,2026-09-23 12:54:58+00,c313210d0352ad34d7ad214eb15ed372
e0afc396-d5df-419d-9227-bf91b38cabf4,fc2c8392-b86f-4897-9bcb-7b50f282dba2,5942444313,eb0.i6543aab60faa88f607f55aae5aff855a.0.0,sorted,sorted,201a9446-e583-433f-9513-29ff137cd99a,WB-GI-286786083,2026-10-04 13:49:04.554605+00,2026-10-03 11:02:25+00,57b04837b483255a825e12a79a731d9e
e1cc7fcb-b41f-410a-814d-9ce4c034d1fb,1435b8c7-5de8-4465-b264-970498e53863,5891948088,ebz.i997e27ece5a96fe6c21903e2d611ac46.0.0,sorted,ready_for_pickup,dc1b762c-0940-49a4-9915-00be5c2c1621,WB-GI-284484482,2026-09-29 07:50:12.889848+00,2026-09-27 17:41:29+00,f4779ba9819c1f8e31d60a4edd0f41ff
e2f0849f-0abc-470d-a137-137273f90a1f,ef767e4d-aa5d-4979-b0f6-b608064054f9,5903182323,eAn.ie4e80b03bf71ba04847141b0913044fb.2.0,sorted,ready_for_pickup,d40a1f49-2092-4fca-95bd-f5fd7396be5c,WB-GI-284957520,2026-09-30 08:40:44.235246+00,2026-09-28 20:55:11+00,a551479821dcbee6a614378ebd6aeb56
e324a9e0-0d68-42ba-a423-61afebe28378,464dbb2f-ff74-4cc0-8632-fa5c2a8ab045,5847655570,ecd.ia8eaabcc9345dc3283e032e28f8eafef.0.0,done,sold,2d0be200-5b41-4247-9163-3f1327e7efca,WB-GI-282479763,2026-09-25 07:38:14.313455+00,2026-09-23 09:14:21+00,0e941f9e186a05c1034b8b6c340d30ce
e3900a60-ddc1-4d65-8496-34cb9b51e186,b60b94b1-65f5-4aae-84ee-615584a83d0e,5887257245,ebC.rbb581a604f8749d791b830e5bb0e99f4.0.0,done,sold,dc1b762c-0940-49a4-9915-00be5c2c1621,WB-GI-284484482,2026-09-29 07:50:12.889848+00,2026-09-27 09:38:04+00,19e6d5db567a89aa44ecdaf514c5c14e
e3fdd4af-f613-45d6-87b4-5cd1ec6c4985,d70ec17f-7742-41a3-92d7-5a91461f5f41,5931404577,eAE.r2572064f351345e19c994e7fae1e6f1e.2.0,sorted,ready_for_pickup,b2b8721a-b16b-47bb-8b8c-8f5d9c55511a,WB-GI-286722960,2026-10-02 07:16:45.644147+00,2026-10-02 03:10:07+00,ed7513e0145967d881c74f6ad51c4079
e42b5d03-38cd-43f4-8197-158d304d819c,02b860e9-3ae1-44fa-b654-156d3d14172b,5925749391,eB3.i848576f369bd8ec4b3c2dd9c36cc69b9.0.0,sorted,ready_for_pickup,c73d2573-73c9-422e-ad22-6f310fd955dc,WB-GI-286237409,2026-10-01 10:36:46.064108+00,2026-10-01 10:02:23+00,79bda804c0d304122225259423a539a3
e690a619-15aa-4675-8610-969751142d7a,1b1a6ced-cf5a-46a3-9ba2-c39f20d3028d,5893775069,eT.rde1d74937287407e9bec163050cb1d7a.0.0,done,sold,d40a1f49-2092-4fca-95bd-f5fd7396be5c,WB-GI-284957520,2026-09-30 08:40:44.235246+00,2026-09-27 21:20:39+00,ee8a7bba3df39fc23b66d1ffe108296b
e89f20a1-ee5c-49c7-970e-5693ec3b478f,1b5ff194-6de1-4470-8101-4e5c729b49f0,5899529490,eAW.rfe6606b05d2e4455bf0f693567762275.0.0,sorted,sorted,d40a1f49-2092-4fca-95bd-f5fd7396be5c,WB-GI-284957520,2026-09-30 08:40:44.235246+00,2026-09-28 13:33:39+00,166616cf742c0f5c13ff21dc08a3796c
e90bd500-b3a5-4081-86d9-d880842a87a0,3cf666af-a958-4dad-9f28-6e9924426f6d,5839068108,et.i6644d2f73834152ef51fbcd7f21bac43.0.0,sorted,ready_for_pickup,2e6ce8af-e754-4b28-995c-763f6e5b7855,WB-GI-281976950,2026-09-22 16:32:08.082852+00,2026-09-22 10:56:01+00,047ed1dd603630b7b0c3bd75ea381918
ea17ae7f-1470-46d8-85cf-ca495c5bb554,9c4b7eea-6958-47d0-9abe-f7dfe39ae63f,5864550451,eb4.if11e397b776a8737865356fda51e88bb.3.0,done,sold,83f59721-bfec-4e67-8ad5-9e33f119e65c,WB-GI-283060158,2026-09-25 17:14:26.231754+00,2026-09-24 18:56:43+00,45bfb197c5fc9583d25726d829dca83a
ec520550-4df9-43d3-87b6-3328b8e15a9c,243c7e27-77c2-4b99-9da0-4d297ee68a14,5888538177,eBL.i7ed95d483c5ef7dc6e293c9f297b6b39.0.0,sorted,ready_for_pickup,dc1b762c-0940-49a4-9915-00be5c2c1621,WB-GI-284484482,2026-09-29 07:50:12.889848+00,2026-09-27 11:49:58+00,e6a451f29532ec1eb2fe6778ca2598be
ed83befd-973e-44b5-9be2-7302ee926625,1883eccc-aab2-4ca6-bdb7-979a8b65a781,5901409735,ebD.r72240ae8726444a8b51d232e197b0b08.0.0,sorted,ready_for_pickup,d40a1f49-2092-4fca-95bd-f5fd7396be5c,WB-GI-284957520,2026-09-30 08:40:44.235246+00,2026-09-28 17:11:26+00,a770a622d8ce0a00f739e9238acf5b73
ee3f9ce2-515b-4141-9b8a-03220b45b317,769ea625-0d88-478d-8bf1-9895110dddd9,5853173522,eBG.r977a9f726ed849968ff0bb42c37173da.0.0,done,sold,2d0be200-5b41-4247-9163-3f1327e7efca,WB-GI-282479763,2026-09-25 07:38:14.313455+00,2026-09-23 19:32:00+00,b6bece1690738f770b100f5e72900c25
ee537dda-50c2-40c9-80cf-e89b364a9e3e,35f1c582-1cb7-4566-b1ad-05bdffd0f9fc,5927165538,eAx.i65aff87e22b8c54740c1b3c808335ba1.0.0,sorted,sorted,b2b8721a-b16b-47bb-8b8c-8f5d9c55511a,WB-GI-286722960,2026-10-02 07:16:45.644147+00,2026-10-01 12:52:51+00,98c387d72353da1e101c354f6a6fb423
ef41b79c-d4ff-41f5-ac8e-ca0618721f83,4339ead4-6d9b-459b-8773-31c809d705a5,5887448068,eX.i81b48d4ee15c26e27864781d19edd824.0.0,sorted,ready_for_pickup,dc1b762c-0940-49a4-9915-00be5c2c1621,WB-GI-284484482,2026-09-29 07:50:12.889848+00,2026-09-27 09:57:34+00,5ea31bf53604b73cff269f4d1ce537d9
efd1f6a2-8903-4942-b79e-168b46176454,a2b7cdea-c06c-4c0b-b732-a94c34632127,5891466585,eBo.r0d633f619d2f4fc2a4b1d068fd9a23b3.3.0,sorted,ready_for_pickup,dc1b762c-0940-49a4-9915-00be5c2c1621,WB-GI-284484482,2026-09-29 07:50:12.889848+00,2026-09-27 16:54:18+00,520e1ee2ca494cc88ac4aba5497a2663
f001732e-4c6e-48b2-8c5b-7f2160346efd,5229b50d-0a20-4443-a93f-18e03b20e1cf,5932424784,eB.r125ce45b586642cd89a3dc9e7a1306e3.0.0,sorted,sorted,201a9446-e583-433f-9513-29ff137cd99a,WB-GI-286786083,2026-10-04 13:49:04.554605+00,2026-10-02 06:20:55+00,4ece408573ac893c5a150c34b3caf439
f149cee5-b6d7-4f6a-964a-dfb7f2930e04,bb944125-4e80-4d3e-a3d3-7547d73ec639,5854011489,eB2.i0f428e140f1104dbaa482f709f8efa04.0.0,done,sold,2d0be200-5b41-4247-9163-3f1327e7efca,WB-GI-282479763,2026-09-25 07:38:14.313455+00,2026-09-23 22:43:12+00,58e8ebfd1a266bd8a976f980de42790e
f4861452-2d21-40a4-adba-a23684d0b886,f2f76c88-a612-409f-993d-5bb97f4f916a,5884881511,e7.r2bdbc16142a04cb38dc884ce6f6120e8.0.0,done,sold,dc1b762c-0940-49a4-9915-00be5c2c1621,WB-GI-284484482,2026-09-29 07:50:12.889848+00,2026-09-27 05:00:01+00,6896df88f875dec27d5f4351bd5b6da8
f4db935a-0472-4b71-a5ed-d98dfd034881,7fca22a2-593d-4421-8344-2371f57b6ef8,5909500216,eBI.r33bf318729a44772b920d838c437d357.0.0,sorted,ready_for_pickup,d40a1f49-2092-4fca-95bd-f5fd7396be5c,WB-GI-284957520,2026-09-30 08:40:44.235246+00,2026-09-29 14:44:42+00,d61c6685afaf1fc8360ef8fc6fd6effa
f5bedf17-4c1c-4cd1-a8ef-27409af61b48,c15975f3-db5d-49dd-8d65-3b218be3fd31,5868984396,eA0.r82e248a9d5704487ab79dab279c3c4cd.0.0,done,sold,83f59721-bfec-4e67-8ad5-9e33f119e65c,WB-GI-283060158,2026-09-25 17:14:26.231754+00,2026-09-25 09:00:29+00,05babcffa468e664b60683bd039ab641
f7251b64-5cd7-4291-9caf-86a383eb5c3f,d7a6c772-cdd7-48eb-a96a-7193eb6fd246,5913126641,eBS.i021ff3117c4e8840dd711de924568b6c.0.0,sorted,sorted,a4b1ca57-92b8-4cbe-ab96-6f1f118fbace,WB-GI-285797274,2026-09-30 09:15:56.848412+00,2026-09-30 01:29:22+00,ceb91e290213e928aad7f449e5857be2
f890b31f-a15a-44d0-b726-d8956dff702c,c8002c18-9aec-4f7b-ac0f-d254dd9ed814,5895177737,eAR.i99e2f49f2de4c35e9eedc0d6ec3df3e0.0.0,sorted,ready_for_pickup,d40a1f49-2092-4fca-95bd-f5fd7396be5c,WB-GI-284957520,2026-09-30 08:40:44.235246+00,2026-09-28 04:57:29+00,61523ff1ea6346aab81f22064d3359dc
f8c488e6-d6b8-464b-86c6-9d25d6b1e87b,5efabd6f-d6ad-4e6d-bfa8-82434617f1bd,5893331490,eBL.ie253eff893246ab89376cf008b409bcb.0.0,done,sold,d40a1f49-2092-4fca-95bd-f5fd7396be5c,WB-GI-284957520,2026-09-30 08:40:44.235246+00,2026-09-27 20:12:31+00,8453165ed3a9a8f592e70ccb58da1d90
f910e623-420c-4c1d-be61-3e997a39cbc8,df6300f1-46b3-4a73-81e4-3f5789693b6d,5934723492,eA6.r32f86aabd0f14291a93a7f7ee6c21559.0.0,sorted,sorted,201a9446-e583-433f-9513-29ff137cd99a,WB-GI-286786083,2026-10-04 13:49:04.554605+00,2026-10-02 11:12:45+00,0fc9b4bd8dd45e880ff0fe933bd6d602
f9c5fafb-740e-4bec-ac49-beab5e2b8544,bfcd2558-1da9-40c6-a8ea-b06aa4a06883,5884488454,ed.i4d553b15529741786f1aaa2dd8161329.1.0,sorted,ready_for_pickup,dc1b762c-0940-49a4-9915-00be5c2c1621,WB-GI-284484482,2026-09-29 07:50:12.889848+00,2026-09-27 03:28:05+00,5d79f444fb3f2a2d324c31339c24af9b
fb8b5faf-cbcb-4f84-a95e-600064a938f3,c0be1f74-77f7-43d1-8572-e70a0fec0230,5808474644,eAu.i38adcc8ac178b611970407e5a0b2737f.0.0,done,sold,e7fe7a5a-ba88-4a48-a682-28d7e35bff93,WB-GI-280439715,2026-09-19 16:39:49.898056+00,2026-09-18 19:28:03+00,e2db285a3b654ae10e5b04eb4e87e124
fca14802-f8cd-4221-9f62-e853d8bfaedf,b0aca702-da5a-498a-979e-961ac6795430,5910721719,eBx.d9edbf05f6e594241bc5a3346e3940e20.0.0,done,sold,d40a1f49-2092-4fca-95bd-f5fd7396be5c,WB-GI-284957520,2026-09-30 08:40:44.235246+00,2026-09-29 17:04:53+00,7d5b1c9257bc8b413084b055d4a98a16
fd2599f8-acd7-4207-a3f0-fdc3ede7d3dc,b41a1271-ad73-4c4a-a772-328f8b1feb80,5825190018,ebK.rfda3d02c79e54762823c7936a427b71d.0.0,done,sold,d4a85660-7fe5-4366-b3e6-1f2ef9943c7d,WB-GI-280988625,2026-09-20 20:39:41.40378+00,2026-09-20 18:53:40+00,0ea0366c5033d9fcda3c16165159f51e
fd6c1d72-0fda-4119-a1b8-34fe71b0e692,4b51a1a9-feeb-422d-a3d2-de03cf6addc1,5901124332,eAF.r8e6c840f38d94500a6265e7fef98f2f4.2.0,sorted,sorted,d40a1f49-2092-4fca-95bd-f5fd7396be5c,WB-GI-284957520,2026-09-30 08:40:44.235246+00,2026-09-28 16:40:11+00,65047b3af0b4d15a4c4225220a580f55
fed1c2b6-f1c8-43b6-abcc-58aee9f822c3,8a194b42-f371-48f9-9ef6-c5ae95c7d481,5954719180,ebz.rd096ab6d89724b909b9badb61ee4659a.0.0,sorted,sorted,cf461de1-b34d-410e-ba76-ea059d315f90,WB-GI-288317046,2026-10-05 09:03:39.676716+00,2026-10-04 19:15:20+00,57d03c4f11bfc40bf13bca1491e7320c
ffc15fe2-9dd7-4319-bcef-35cf97e36725,133c3d90-1edc-4c09-8a99-d8bcc11a46c5,5958115198,ebK.ie1644c378e3e9fb70e24778813d583c4.0.0,sorted,sorted,cf461de1-b34d-410e-ba76-ea059d315f90,WB-GI-288317046,2026-10-05 09:03:39.676716+00,2026-10-05 08:14:00+00,bdcd253a626fe3a60aa298d0bc0d29fc
