db_at,product_id,movement_type,rows,delta,first_at,last_at,negative_rows
2026-10-06 06:53:08.542985+00,1a99998b-1576-4e7f-9f9a-cf9eaf14907e,fbs_shipment,12,-12,2026-09-30 14:04:10.626342+00,2026-10-05 14:56:55.936877+00,12
2026-10-06 06:53:08.543005+00,1a99998b-1576-4e7f-9f9a-cf9eaf14907e,inbound_intake,1,500,2026-09-23 15:56:58.139913+00,2026-09-23 15:56:58.139913+00,0
2026-10-06 06:53:08.543007+00,1a99998b-1576-4e7f-9f9a-cf9eaf14907e,inventory_count,1,-30,2026-09-30 10:44:49.78484+00,2026-09-30 10:44:49.78484+00,1
2026-10-06 06:53:08.543012+00,2ccde129-ed49-44fd-8dcc-4dd092581e26,fbs_shipment,19,-20,2026-09-30 14:04:10.626342+00,2026-10-05 14:56:55.936877+00,19
2026-10-06 06:53:08.543013+00,2ccde129-ed49-44fd-8dcc-4dd092581e26,inbound_intake,1,300,2026-09-23 15:56:58.139913+00,2026-09-23 15:56:58.139913+00,0
2026-10-06 06:53:08.54459+00,2ccde129-ed49-44fd-8dcc-4dd092581e26,inventory_count,1,5,2026-09-30 10:44:49.78484+00,2026-09-30 10:44:49.78484+00,0
2026-10-06 06:53:08.544606+00,4d7e4a3d-954e-48f6-94a3-45729f2654d0,fbs_shipment,29,-29,2026-09-30 14:04:10.626342+00,2026-10-05 14:56:55.936877+00,29
2026-10-06 06:53:08.544608+00,4d7e4a3d-954e-48f6-94a3-45729f2654d0,inbound_intake,1,500,2026-09-23 15:56:58.139913+00,2026-09-23 15:56:58.139913+00,0
2026-10-06 06:53:08.544611+00,4d7e4a3d-954e-48f6-94a3-45729f2654d0,inventory_count,1,-82,2026-09-30 10:44:49.78484+00,2026-09-30 10:44:49.78484+00,1
2026-10-06 06:53:08.544618+00,605bdc71-baae-43dd-9ed4-fb37e07906c0,fbs_shipment,13,-13,2026-09-30 14:04:10.626342+00,2026-10-05 14:56:55.936877+00,13
2026-10-06 06:53:08.544621+00,605bdc71-baae-43dd-9ed4-fb37e07906c0,inbound_intake,1,250,2026-09-23 15:56:58.139913+00,2026-09-23 15:56:58.139913+00,0
2026-10-06 06:53:08.544697+00,605bdc71-baae-43dd-9ed4-fb37e07906c0,inventory_count,1,2,2026-09-30 10:44:49.78484+00,2026-09-30 10:44:49.78484+00,0
2026-10-06 06:53:08.544723+00,7e159b28-72f7-4f3c-8f92-ebca10e054db,fbs_shipment,12,-12,2026-09-30 14:04:10.626342+00,2026-10-05 14:56:55.936877+00,12
2026-10-06 06:53:08.544726+00,7e159b28-72f7-4f3c-8f92-ebca10e054db,inbound_intake,1,600,2026-09-23 15:56:58.139913+00,2026-09-23 15:56:58.139913+00,0
2026-10-06 06:53:08.544729+00,7e159b28-72f7-4f3c-8f92-ebca10e054db,inventory_count,1,-52,2026-09-30 10:44:49.78484+00,2026-09-30 10:44:49.78484+00,1
2026-10-06 06:53:08.544739+00,80fa2a1e-1974-4e6e-8497-2defd0176bd5,fbs_shipment,33,-33,2026-09-30 14:04:10.626342+00,2026-10-05 14:56:55.936877+00,33
2026-10-06 06:53:08.544742+00,80fa2a1e-1974-4e6e-8497-2defd0176bd5,inbound_intake,1,300,2026-09-23 15:56:58.139913+00,2026-09-23 15:56:58.139913+00,0
2026-10-06 06:53:08.544744+00,80fa2a1e-1974-4e6e-8497-2defd0176bd5,inventory_count,1,-65,2026-09-30 10:44:49.78484+00,2026-09-30 10:44:49.78484+00,1
