posting_number,wms_order_id,ozon_sku,product_id,quantity,cached_status,cached_last_sync_at,position_reserved,fresh_ozon_status,fresh_items_match,fresh_split_graph,new_writeoff_authorized
0113371235-0054-3,8bf9d518-2702-4c29-89ab-4ed002c0f416,1697770458,2ccde129-ed49-44fd-8dcc-4dd092581e26,1,delivering,2026-10-06 06:47:27.665869+00,1,NOT_OBSERVED,NOT_OBSERVED,NOT_OBSERVED,NO
0144953533-0124-1,b05ef83a-01c3-4f14-bafd-41669614d4c1,1589998415,80fa2a1e-1974-4e6e-8497-2defd0176bd5,1,delivering,2026-10-06 06:47:27.665869+00,1,NOT_OBSERVED,NOT_OBSERVED,NOT_OBSERVED,NO
0148656673-0134-1,0e9251a4-b8ab-4b65-8cdc-500146e58cd3,1695134284,605bdc71-baae-43dd-9ed4-fb37e07906c0,1,awaiting_packaging,2026-10-06 06:47:27.665869+00,1,NOT_OBSERVED,NOT_OBSERVED,NOT_OBSERVED,NO
0153677007-0258-1,3470f8fc-008d-4fe3-8a72-d9c73a46af42,1589998415,80fa2a1e-1974-4e6e-8497-2defd0176bd5,1,delivering,2026-10-06 06:47:27.665869+00,1,NOT_OBSERVED,NOT_OBSERVED,NOT_OBSERVED,NO
0164033835-0039-1,eaabb48b-0174-414e-96b9-518f9220400e,1589998415,80fa2a1e-1974-4e6e-8497-2defd0176bd5,1,delivering,2026-10-06 06:47:27.665869+00,1,NOT_OBSERVED,NOT_OBSERVED,NOT_OBSERVED,NO
0172663629-0081-1,64a9b26b-3e27-48f7-ae18-c4d2c10ad5a1,1589998415,80fa2a1e-1974-4e6e-8497-2defd0176bd5,1,delivering,2026-10-06 06:47:27.665869+00,1,NOT_OBSERVED,NOT_OBSERVED,NOT_OBSERVED,NO
0181745532-0045-3,27da526e-9e2c-4798-a978-ec15582183f1,1697770458,2ccde129-ed49-44fd-8dcc-4dd092581e26,1,cancelled,2026-10-04 17:27:19.147302+00,0,NOT_OBSERVED,NOT_OBSERVED,NOT_OBSERVED,NO
0187441457-0073-1,558f8beb-a0b6-489a-a8b6-5dd3a5a494b5,1697770458,2ccde129-ed49-44fd-8dcc-4dd092581e26,1,delivering,2026-10-06 06:47:27.665869+00,1,NOT_OBSERVED,NOT_OBSERVED,NOT_OBSERVED,NO
0190055173-0461-1,32427a22-b4dd-4c8a-9278-76a067ab41d2,1586484429,1a99998b-1576-4e7f-9f9a-cf9eaf14907e,1,delivering,2026-10-06 06:47:27.665869+00,1,NOT_OBSERVED,NOT_OBSERVED,NOT_OBSERVED,NO
0236443586-0012-1,2c6241b2-dc71-4b21-bc9d-534c63b8d4ba,1586466682,4d7e4a3d-954e-48f6-94a3-45729f2654d0,1,delivering,2026-10-06 06:47:27.665869+00,1,NOT_OBSERVED,NOT_OBSERVED,NOT_OBSERVED,NO
0249035122-0351-1,c2d7a754-f334-431f-89ed-5e47d3e0c7a4,1589998415,80fa2a1e-1974-4e6e-8497-2defd0176bd5,1,delivering,2026-10-06 06:47:27.665869+00,1,NOT_OBSERVED,NOT_OBSERVED,NOT_OBSERVED,NO
0282817049-0013-1,66f61455-fea9-42a2-b52a-b7a754bb660d,1697770458,2ccde129-ed49-44fd-8dcc-4dd092581e26,1,cancelled,2026-10-05 17:28:54.584529+00,0,NOT_OBSERVED,NOT_OBSERVED,NOT_OBSERVED,NO
06383353-1897-1,e203f00e-db36-46c0-aa1b-192539ab88b8,1589998415,80fa2a1e-1974-4e6e-8497-2defd0176bd5,1,delivered,2026-10-05 14:26:44.81768+00,0,NOT_OBSERVED,NOT_OBSERVED,NOT_OBSERVED,NO
21052558-0445-1,b7216c03-b13d-49d8-a3e8-a7c99c29bda6,1697770458,2ccde129-ed49-44fd-8dcc-4dd092581e26,1,delivered,2026-10-04 14:57:18.896499+00,0,NOT_OBSERVED,NOT_OBSERVED,NOT_OBSERVED,NO
23388119-0163-1,958ac70f-79b5-4d9c-b0b1-dc2f5237cd25,1586484429,1a99998b-1576-4e7f-9f9a-cf9eaf14907e,1,delivering,2026-10-06 06:47:27.665869+00,1,NOT_OBSERVED,NOT_OBSERVED,NOT_OBSERVED,NO
28508065-0594-1,ccdd5eaf-cd9b-456c-8415-0868a52fa0af,1586484429,1a99998b-1576-4e7f-9f9a-cf9eaf14907e,1,delivered,2026-10-03 17:53:36.349902+00,0,NOT_OBSERVED,NOT_OBSERVED,NOT_OBSERVED,NO
31853470-0198-1,0d45ad7d-956e-4625-9dc5-f10c2e5b453a,1586466682,4d7e4a3d-954e-48f6-94a3-45729f2654d0,1,delivered,2026-10-03 13:12:30.358625+00,0,NOT_OBSERVED,NOT_OBSERVED,NOT_OBSERVED,NO
45035035-0211-1,6c283f46-7f5b-4620-a322-096f37027c8c,1697770458,2ccde129-ed49-44fd-8dcc-4dd092581e26,1,delivered,2026-10-05 11:57:03.199225+00,0,NOT_OBSERVED,NOT_OBSERVED,NOT_OBSERVED,NO
50261136-0017-1,c5177e7d-9db8-437a-ae64-9504275b6bad,1697770458,2ccde129-ed49-44fd-8dcc-4dd092581e26,1,delivering,2026-10-06 06:47:27.665869+00,1,NOT_OBSERVED,NOT_OBSERVED,NOT_OBSERVED,NO
55322493-0272-1,78de0390-f016-4d31-ac4e-7d6de97a20ac,1697770458,2ccde129-ed49-44fd-8dcc-4dd092581e26,1,delivering,2026-10-06 06:47:27.665869+00,1,NOT_OBSERVED,NOT_OBSERVED,NOT_OBSERVED,NO
56845110-0045-1,6fc67946-d062-49ba-ad8e-9c061a1177e1,1697770458,2ccde129-ed49-44fd-8dcc-4dd092581e26,1,delivering,2026-10-06 06:47:27.665869+00,1,NOT_OBSERVED,NOT_OBSERVED,NOT_OBSERVED,NO
56907807-0024-1,870e99a1-6435-4291-ac7d-cf0a81ab0572,1586484429,1a99998b-1576-4e7f-9f9a-cf9eaf14907e,1,delivered,2026-10-04 07:56:06.496826+00,0,NOT_OBSERVED,NOT_OBSERVED,NOT_OBSERVED,NO
59814512-0364-3,4c9f0057-d363-4ec3-9c9b-4006c7f50516,1697770458,2ccde129-ed49-44fd-8dcc-4dd092581e26,1,delivered,2026-10-06 06:27:29.822507+00,0,NOT_OBSERVED,NOT_OBSERVED,NOT_OBSERVED,NO
62035277-0532-1,6444a2d9-23e0-4ddf-aa43-87abd03f27a7,1586466682,4d7e4a3d-954e-48f6-94a3-45729f2654d0,1,delivering,2026-10-06 06:47:27.665869+00,1,NOT_OBSERVED,NOT_OBSERVED,NOT_OBSERVED,NO
66144885-0156-18,89d0cf5c-8811-4ef7-8420-6aa7037b21c6,1695128938,7e159b28-72f7-4f3c-8f92-ebca10e054db,1,delivered,2026-10-04 15:17:09.277428+00,0,NOT_OBSERVED,NOT_OBSERVED,NOT_OBSERVED,NO
80034639-0273-1,c614ec4d-3c05-49f4-a986-fb6048642456,1586484429,1a99998b-1576-4e7f-9f9a-cf9eaf14907e,1,cancelled,2026-10-04 04:22:27.855654+00,0,NOT_OBSERVED,NOT_OBSERVED,NOT_OBSERVED,NO
81035721-0742-1,d46f4e6a-c28c-4ec6-a8b7-3c9734528f53,1586466682,4d7e4a3d-954e-48f6-94a3-45729f2654d0,1,delivered,2026-10-04 15:47:05.816992+00,0,NOT_OBSERVED,NOT_OBSERVED,NOT_OBSERVED,NO
83893932-0680-2,a8e915f1-3a6f-45de-9cfb-f9f5cae5acde,1589998415,80fa2a1e-1974-4e6e-8497-2defd0176bd5,1,delivering,2026-10-06 06:47:27.665869+00,1,NOT_OBSERVED,NOT_OBSERVED,NOT_OBSERVED,NO
85257535-0274-1,cfc68d5f-0694-486e-84b0-136e51ce2532,1586466682,4d7e4a3d-954e-48f6-94a3-45729f2654d0,1,delivering,2026-10-06 06:47:27.665869+00,1,NOT_OBSERVED,NOT_OBSERVED,NOT_OBSERVED,NO
99185584-1963-5,e014ba26-8cbc-4480-8ad5-581f9f500f51,1697770458,2ccde129-ed49-44fd-8dcc-4dd092581e26,1,cancelled,2026-10-04 15:27:15.551444+00,0,NOT_OBSERVED,NOT_OBSERVED,NOT_OBSERVED,NO
99630148-0017-1,604b0a9f-910c-42ba-8c14-88b459ef6d12,1695128938,7e159b28-72f7-4f3c-8f92-ebca10e054db,1,delivering,2026-10-06 06:47:27.665869+00,1,NOT_OBSERVED,NOT_OBSERVED,NOT_OBSERVED,NO
