df5a29df38475eadb8f6981f4310daa1b73bb078	38240754b9233073d7cf56309ca761800959c7d2	WMS-684 WMS-586: раскрыть параметрические тестовые ссылки
34b385654a41988b2e23df883e0ca67eccd1d1a7	7d7cc665a1b7411bac39cb2675a3305ad12441c7 5a57c0bf263529b9b8b390953d7bc8d27a6a26b7	WMS-684 WMS-586: сохранить окончательную исходную приёмку цифрового результата
5a57c0bf263529b9b8b390953d7bc8d27a6a26b7	1fbbcf5e750de1bc7ffec13973a4eccb590881c8	WMS-684 WMS-586: приёмка цифровых доказательств
f00ddcecb263d3b446e7edabd05465095b2cf891	7b7b98761c07ee778197ccc8eb0a645da0508a85 1fbbcf5e750de1bc7ffec13973a4eccb590881c8	WMS-586: объединить независимо проверенную PDF геометрию
1fbbcf5e750de1bc7ffec13973a4eccb590881c8	b6e14f56692cf0561955e48af0a30e1415ccea36	WMS-684 WMS-586: independent F1 geometry rereview PASS
b6e14f56692cf0561955e48af0a30e1415ccea36	f78024793bcb2dae769254f5a5b1249c56eca083	WMS-586: fix PDF glyph overlap and blank continuation pages
f78024793bcb2dae769254f5a5b1249c56eca083	ed482516be9119bc21261df4ab472bbff1662af7	WMS-586: контракт пагинации PDF
ed482516be9119bc21261df4ab472bbff1662af7	4717552e1a59acb1746fdf5dd9b92b2af5c276b6	WMS-684 WMS-586: pagination review FAIL with boundary evidence
4717552e1a59acb1746fdf5dd9b92b2af5c276b6	49ba6eb0c121c7f75e1b5a7f0668b35f315ca061	WMS-586: paginate overflowing acceptance act rows
49ba6eb0c121c7f75e1b5a7f0668b35f315ca061	77efb37d5a6e60fdedbebb64bdb99cd1f60433d1	WMS-586: контракт границы PDF 255 строк
77efb37d5a6e60fdedbebb64bdb99cd1f60433d1	b5f2a6cfb8c415fc37fd5789a018b3c380a6d2f3	WMS-684 WMS-586: follow-up review closes F2-F4, retains F1 overflow
b5f2a6cfb8c415fc37fd5789a018b3c380a6d2f3	2f6ac1fb649d1e8315e9b7e8e4e7ef604771a5e6	WMS-684 WMS-586: fix review regressions
2f6ac1fb649d1e8315e9b7e8e4e7ef604771a5e6	dc5ee181965784b45fa63df4243a7ed802fccc48	WMS-684 WMS-586: регрессии независимого ревью
dc5ee181965784b45fa63df4243a7ed802fccc48	371e18f97f8c92e9f6641e51250be8abbab95139	WMS-684 WMS-586: independent review FAIL with evidence
371e18f97f8c92e9f6641e51250be8abbab95139	1943e0f18a51e83a45a647f51fb565f2fab6d074	WMS-684 WMS-586: add receipt labels and PDF act
