db_at,external_order_id,id,fbs_order_id,product_id,storage_location_id,source_warehouse_id,source_mode,quantity,shortage_quantity,negative_quantity,ozon_positions_json,shipment_movement_id,written_off_at,reversed_at,reversal_movement_id,wb_operation_id,created_at
2026-10-07 08:03:24.426872+00,0113371235-0054-3,7067a174-6ae1-4b73-9780-f2666c5c7158,8bf9d518-2702-4c29-89ab-4ed002c0f416,2ccde129-ed49-44fd-8dcc-4dd092581e26,7d44fbc9-9c82-4ef1-bac7-4e47fe5de3c1,2d968c65-4a8d-414e-9076-0f201c2dba63,,1,0,0,"[{""product_id"": ""2ccde129-ed49-44fd-8dcc-4dd092581e26"", ""storage_location_id"": ""7d44fbc9-9c82-4ef1-bac7-4e47fe5de3c1"", ""source_warehouse_id"": ""2d968c65-4a8d-414e-9076-0f201c2dba63"", ""container_kind"": null, ""container_id"": null, ""source_mode"": ""sorting_loose"", ""quantity"": 1, ""negative_quantity"": 0, ""movement_id"": ""7f0e0b8d-17ea-4703-b4f3-e2138f7336db""}]",7f0e0b8d-17ea-4703-b4f3-e2138f7336db,2026-10-07 06:17:36.280026+00,,,5df8f369-5900-4d83-879c-da4731b920bf,2026-10-02 14:32:47.814424+00
2026-10-07 08:03:24.426894+00,0144953533-0124-1,b3f2aeda-5ddc-48cb-92a3-a66fca6c6a73,b05ef83a-01c3-4f14-bafd-41669614d4c1,80fa2a1e-1974-4e6e-8497-2defd0176bd5,7d44fbc9-9c82-4ef1-bac7-4e47fe5de3c1,2d968c65-4a8d-414e-9076-0f201c2dba63,,1,0,0,"[{""product_id"": ""80fa2a1e-1974-4e6e-8497-2defd0176bd5"", ""storage_location_id"": ""7d44fbc9-9c82-4ef1-bac7-4e47fe5de3c1"", ""source_warehouse_id"": ""2d968c65-4a8d-414e-9076-0f201c2dba63"", ""container_kind"": null, ""container_id"": null, ""source_mode"": ""sorting_loose"", ""quantity"": 1, ""negative_quantity"": 0, ""movement_id"": ""16ff70dd-6390-459a-ae92-9d1dc4bcd63d""}]",16ff70dd-6390-459a-ae92-9d1dc4bcd63d,2026-10-07 06:17:36.436544+00,,,5df8f369-5900-4d83-879c-da4731b920bf,2026-10-02 14:32:47.814424+00
2026-10-07 08:03:24.426896+00,0148656673-0134-1,b4091505-336d-4395-88fb-60b7a280d3c0,0e9251a4-b8ab-4b65-8cdc-500146e58cd3,605bdc71-baae-43dd-9ed4-fb37e07906c0,7d44fbc9-9c82-4ef1-bac7-4e47fe5de3c1,2d968c65-4a8d-414e-9076-0f201c2dba63,,1,0,0,"[{""product_id"": ""605bdc71-baae-43dd-9ed4-fb37e07906c0"", ""storage_location_id"": ""7d44fbc9-9c82-4ef1-bac7-4e47fe5de3c1"", ""source_warehouse_id"": ""2d968c65-4a8d-414e-9076-0f201c2dba63"", ""container_kind"": null, ""container_id"": null, ""source_mode"": ""sorting_loose"", ""quantity"": 1, ""negative_quantity"": 0}]",,,,,,2026-10-01 13:39:50.770985+00
2026-10-07 08:03:24.426907+00,0153677007-0258-1,eee52630-486b-4cad-b6ee-b6feacdd240e,3470f8fc-008d-4fe3-8a72-d9c73a46af42,80fa2a1e-1974-4e6e-8497-2defd0176bd5,7d44fbc9-9c82-4ef1-bac7-4e47fe5de3c1,2d968c65-4a8d-414e-9076-0f201c2dba63,,1,0,0,"[{""product_id"": ""80fa2a1e-1974-4e6e-8497-2defd0176bd5"", ""storage_location_id"": ""7d44fbc9-9c82-4ef1-bac7-4e47fe5de3c1"", ""source_warehouse_id"": ""2d968c65-4a8d-414e-9076-0f201c2dba63"", ""container_kind"": null, ""container_id"": null, ""source_mode"": ""sorting_loose"", ""quantity"": 1, ""negative_quantity"": 0, ""movement_id"": ""04553936-c245-4300-8470-7b28388d480b""}]",04553936-c245-4300-8470-7b28388d480b,2026-10-07 06:17:35.928745+00,,,5df8f369-5900-4d83-879c-da4731b920bf,2026-10-02 14:32:47.814424+00
2026-10-07 08:03:24.426909+00,0164033835-0039-1,c0934634-d2e2-48c9-ad89-bbf2bbfe5f0c,eaabb48b-0174-414e-96b9-518f9220400e,80fa2a1e-1974-4e6e-8497-2defd0176bd5,7d44fbc9-9c82-4ef1-bac7-4e47fe5de3c1,2d968c65-4a8d-414e-9076-0f201c2dba63,,1,0,0,"[{""product_id"": ""80fa2a1e-1974-4e6e-8497-2defd0176bd5"", ""storage_location_id"": ""7d44fbc9-9c82-4ef1-bac7-4e47fe5de3c1"", ""source_warehouse_id"": ""2d968c65-4a8d-414e-9076-0f201c2dba63"", ""container_kind"": null, ""container_id"": null, ""source_mode"": ""sorting_loose"", ""quantity"": 1, ""negative_quantity"": 0, ""movement_id"": ""02542eb4-3cde-4f3c-abc3-a5e14b954c92""}]",02542eb4-3cde-4f3c-abc3-a5e14b954c92,2026-10-07 06:17:36.676042+00,,,5df8f369-5900-4d83-879c-da4731b920bf,2026-10-02 14:32:47.814424+00
2026-10-07 08:03:24.426912+00,0172663629-0081-1,b838d583-fab8-415e-933b-7ce2e384e750,64a9b26b-3e27-48f7-ae18-c4d2c10ad5a1,80fa2a1e-1974-4e6e-8497-2defd0176bd5,7d44fbc9-9c82-4ef1-bac7-4e47fe5de3c1,2d968c65-4a8d-414e-9076-0f201c2dba63,,1,0,0,"[{""product_id"": ""80fa2a1e-1974-4e6e-8497-2defd0176bd5"", ""storage_location_id"": ""7d44fbc9-9c82-4ef1-bac7-4e47fe5de3c1"", ""source_warehouse_id"": ""2d968c65-4a8d-414e-9076-0f201c2dba63"", ""container_kind"": null, ""container_id"": null, ""source_mode"": ""sorting_loose"", ""quantity"": 1, ""negative_quantity"": 0, ""movement_id"": ""9dcf313c-d0bb-4984-ad91-e9625e59721e""}]",9dcf313c-d0bb-4984-ad91-e9625e59721e,2026-10-07 06:17:36.08459+00,,,5df8f369-5900-4d83-879c-da4731b920bf,2026-10-02 14:32:47.814424+00
2026-10-07 08:03:24.426914+00,0181745532-0045-3,8e279508-83ab-4755-b518-18fac90bae2e,27da526e-9e2c-4798-a978-ec15582183f1,2ccde129-ed49-44fd-8dcc-4dd092581e26,7d44fbc9-9c82-4ef1-bac7-4e47fe5de3c1,2d968c65-4a8d-414e-9076-0f201c2dba63,,1,0,0,"[{""product_id"": ""2ccde129-ed49-44fd-8dcc-4dd092581e26"", ""storage_location_id"": ""7d44fbc9-9c82-4ef1-bac7-4e47fe5de3c1"", ""source_warehouse_id"": ""2d968c65-4a8d-414e-9076-0f201c2dba63"", ""container_kind"": null, ""container_id"": null, ""source_mode"": ""sorting_loose"", ""quantity"": 1, ""negative_quantity"": 0}]",,,,,,2026-10-01 13:39:50.770985+00
2026-10-07 08:03:24.426915+00,0187441457-0073-1,756fc56b-0588-4d91-9b6d-5b05ab483942,558f8beb-a0b6-489a-a8b6-5dd3a5a494b5,2ccde129-ed49-44fd-8dcc-4dd092581e26,7d44fbc9-9c82-4ef1-bac7-4e47fe5de3c1,2d968c65-4a8d-414e-9076-0f201c2dba63,,1,0,0,"[{""product_id"": ""2ccde129-ed49-44fd-8dcc-4dd092581e26"", ""storage_location_id"": ""7d44fbc9-9c82-4ef1-bac7-4e47fe5de3c1"", ""source_warehouse_id"": ""2d968c65-4a8d-414e-9076-0f201c2dba63"", ""container_kind"": null, ""container_id"": null, ""source_mode"": ""sorting_loose"", ""quantity"": 1, ""negative_quantity"": 0, ""movement_id"": ""a0010d3e-a695-472b-bc71-91555c3ad6ef""}]",a0010d3e-a695-472b-bc71-91555c3ad6ef,2026-10-07 06:27:23.311771+00,,,5df8f369-5900-4d83-879c-da4731b920bf,2026-10-02 14:32:47.814424+00
2026-10-07 08:03:24.426917+00,0190055173-0461-1,ee137b50-36b5-4b20-a7a1-72a5275d9adf,32427a22-b4dd-4c8a-9278-76a067ab41d2,1a99998b-1576-4e7f-9f9a-cf9eaf14907e,7d44fbc9-9c82-4ef1-bac7-4e47fe5de3c1,2d968c65-4a8d-414e-9076-0f201c2dba63,,1,0,0,"[{""product_id"": ""1a99998b-1576-4e7f-9f9a-cf9eaf14907e"", ""storage_location_id"": ""7d44fbc9-9c82-4ef1-bac7-4e47fe5de3c1"", ""source_warehouse_id"": ""2d968c65-4a8d-414e-9076-0f201c2dba63"", ""container_kind"": null, ""container_id"": null, ""source_mode"": ""sorting_loose"", ""quantity"": 1, ""negative_quantity"": 0, ""movement_id"": ""0d41ab28-857d-4b4e-abc7-276dc819acaa""}]",0d41ab28-857d-4b4e-abc7-276dc819acaa,2026-10-07 06:17:35.870976+00,,,5df8f369-5900-4d83-879c-da4731b920bf,2026-10-02 14:32:47.814424+00
2026-10-07 08:03:24.42692+00,0236443586-0012-1,16f3ef1a-e464-49f9-9869-9f3c8d24e327,2c6241b2-dc71-4b21-bc9d-534c63b8d4ba,4d7e4a3d-954e-48f6-94a3-45729f2654d0,7d44fbc9-9c82-4ef1-bac7-4e47fe5de3c1,2d968c65-4a8d-414e-9076-0f201c2dba63,,1,0,0,"[{""product_id"": ""4d7e4a3d-954e-48f6-94a3-45729f2654d0"", ""storage_location_id"": ""7d44fbc9-9c82-4ef1-bac7-4e47fe5de3c1"", ""source_warehouse_id"": ""2d968c65-4a8d-414e-9076-0f201c2dba63"", ""container_kind"": null, ""container_id"": null, ""source_mode"": ""sorting_loose"", ""quantity"": 1, ""negative_quantity"": 0, ""movement_id"": ""7fd41899-4efb-4c5b-a337-fe6f15a8d63f""}]",7fd41899-4efb-4c5b-a337-fe6f15a8d63f,2026-10-07 06:17:35.790051+00,,,5df8f369-5900-4d83-879c-da4731b920bf,2026-10-02 14:32:47.814424+00
2026-10-07 08:03:24.42695+00,0249035122-0351-1,b0673fc6-14c7-493a-ad1a-30c0b26f0b6a,c2d7a754-f334-431f-89ed-5e47d3e0c7a4,80fa2a1e-1974-4e6e-8497-2defd0176bd5,7d44fbc9-9c82-4ef1-bac7-4e47fe5de3c1,2d968c65-4a8d-414e-9076-0f201c2dba63,,1,0,0,"[{""product_id"": ""80fa2a1e-1974-4e6e-8497-2defd0176bd5"", ""storage_location_id"": ""7d44fbc9-9c82-4ef1-bac7-4e47fe5de3c1"", ""source_warehouse_id"": ""2d968c65-4a8d-414e-9076-0f201c2dba63"", ""container_kind"": null, ""container_id"": null, ""source_mode"": ""sorting_loose"", ""quantity"": 1, ""negative_quantity"": 0, ""movement_id"": ""70375656-511f-4319-8f5c-c21e4e064691""}]",70375656-511f-4319-8f5c-c21e4e064691,2026-10-07 06:27:23.976457+00,,,5df8f369-5900-4d83-879c-da4731b920bf,2026-10-02 14:32:47.814424+00
2026-10-07 08:03:24.426956+00,0282817049-0013-1,1e9d8e67-0945-4d6a-84f8-227331f1b898,66f61455-fea9-42a2-b52a-b7a754bb660d,2ccde129-ed49-44fd-8dcc-4dd092581e26,7d44fbc9-9c82-4ef1-bac7-4e47fe5de3c1,2d968c65-4a8d-414e-9076-0f201c2dba63,,1,0,0,"[{""product_id"": ""2ccde129-ed49-44fd-8dcc-4dd092581e26"", ""storage_location_id"": ""7d44fbc9-9c82-4ef1-bac7-4e47fe5de3c1"", ""source_warehouse_id"": ""2d968c65-4a8d-414e-9076-0f201c2dba63"", ""container_kind"": null, ""container_id"": null, ""source_mode"": ""sorting_loose"", ""quantity"": 1, ""negative_quantity"": 0}]",,,,,,2026-10-02 14:32:47.814424+00
2026-10-07 08:03:24.426958+00,06383353-1897-1,45dbdf9a-0998-4c2a-8d82-3b0abf6cb27c,e203f00e-db36-46c0-aa1b-192539ab88b8,80fa2a1e-1974-4e6e-8497-2defd0176bd5,7d44fbc9-9c82-4ef1-bac7-4e47fe5de3c1,2d968c65-4a8d-414e-9076-0f201c2dba63,,1,0,0,"[{""product_id"": ""80fa2a1e-1974-4e6e-8497-2defd0176bd5"", ""storage_location_id"": ""7d44fbc9-9c82-4ef1-bac7-4e47fe5de3c1"", ""source_warehouse_id"": ""2d968c65-4a8d-414e-9076-0f201c2dba63"", ""container_kind"": null, ""container_id"": null, ""source_mode"": ""sorting_loose"", ""quantity"": 1, ""negative_quantity"": 0, ""movement_id"": ""4238549b-5c95-46ed-88e1-a84d236d9ba2""}]",4238549b-5c95-46ed-88e1-a84d236d9ba2,2026-10-07 06:27:24.237159+00,,,5df8f369-5900-4d83-879c-da4731b920bf,2026-10-02 14:32:47.814424+00
2026-10-07 08:03:24.426962+00,21052558-0445-1,20d2a093-942b-4d2f-b4ef-435a4ad777a7,b7216c03-b13d-49d8-a3e8-a7c99c29bda6,2ccde129-ed49-44fd-8dcc-4dd092581e26,7d44fbc9-9c82-4ef1-bac7-4e47fe5de3c1,2d968c65-4a8d-414e-9076-0f201c2dba63,,1,0,0,"[{""product_id"": ""2ccde129-ed49-44fd-8dcc-4dd092581e26"", ""storage_location_id"": ""7d44fbc9-9c82-4ef1-bac7-4e47fe5de3c1"", ""source_warehouse_id"": ""2d968c65-4a8d-414e-9076-0f201c2dba63"", ""container_kind"": null, ""container_id"": null, ""source_mode"": ""sorting_loose"", ""quantity"": 1, ""negative_quantity"": 0, ""movement_id"": ""70fcd5cb-3275-4300-9f1d-112d33e99b31""}]",70fcd5cb-3275-4300-9f1d-112d33e99b31,2026-10-07 06:27:23.905107+00,,,5df8f369-5900-4d83-879c-da4731b920bf,2026-10-02 14:32:47.814424+00
2026-10-07 08:03:24.426966+00,23388119-0163-1,fff1cfe5-f37c-414d-a133-b9d44769e7f9,958ac70f-79b5-4d9c-b0b1-dc2f5237cd25,1a99998b-1576-4e7f-9f9a-cf9eaf14907e,7d44fbc9-9c82-4ef1-bac7-4e47fe5de3c1,2d968c65-4a8d-414e-9076-0f201c2dba63,,1,0,0,"[{""product_id"": ""1a99998b-1576-4e7f-9f9a-cf9eaf14907e"", ""storage_location_id"": ""7d44fbc9-9c82-4ef1-bac7-4e47fe5de3c1"", ""source_warehouse_id"": ""2d968c65-4a8d-414e-9076-0f201c2dba63"", ""container_kind"": null, ""container_id"": null, ""source_mode"": ""sorting_loose"", ""quantity"": 1, ""negative_quantity"": 0, ""movement_id"": ""a4c439af-0bc3-4a8b-84f6-20c439ddf37a""}]",a4c439af-0bc3-4a8b-84f6-20c439ddf37a,2026-10-07 06:17:36.35194+00,,,5df8f369-5900-4d83-879c-da4731b920bf,2026-10-02 14:32:47.814424+00
2026-10-07 08:03:24.426969+00,28508065-0594-1,8e91e6d7-3c29-42ab-814a-6e5cf059c905,ccdd5eaf-cd9b-456c-8415-0868a52fa0af,1a99998b-1576-4e7f-9f9a-cf9eaf14907e,7d44fbc9-9c82-4ef1-bac7-4e47fe5de3c1,2d968c65-4a8d-414e-9076-0f201c2dba63,,1,0,0,"[{""product_id"": ""1a99998b-1576-4e7f-9f9a-cf9eaf14907e"", ""storage_location_id"": ""7d44fbc9-9c82-4ef1-bac7-4e47fe5de3c1"", ""source_warehouse_id"": ""2d968c65-4a8d-414e-9076-0f201c2dba63"", ""container_kind"": null, ""container_id"": null, ""source_mode"": ""sorting_loose"", ""quantity"": 1, ""negative_quantity"": 0, ""movement_id"": ""f31e1e21-4d75-4761-89b2-503bb5eff56a""}]",f31e1e21-4d75-4761-89b2-503bb5eff56a,2026-10-07 06:27:24.092135+00,,,5df8f369-5900-4d83-879c-da4731b920bf,2026-10-02 14:32:47.814424+00
2026-10-07 08:03:24.426973+00,31853470-0198-1,bb5f4f57-c60c-4497-85b5-429d0520e066,0d45ad7d-956e-4625-9dc5-f10c2e5b453a,4d7e4a3d-954e-48f6-94a3-45729f2654d0,7d44fbc9-9c82-4ef1-bac7-4e47fe5de3c1,2d968c65-4a8d-414e-9076-0f201c2dba63,,1,0,0,"[{""product_id"": ""4d7e4a3d-954e-48f6-94a3-45729f2654d0"", ""storage_location_id"": ""7d44fbc9-9c82-4ef1-bac7-4e47fe5de3c1"", ""source_warehouse_id"": ""2d968c65-4a8d-414e-9076-0f201c2dba63"", ""container_kind"": null, ""container_id"": null, ""source_mode"": ""sorting_loose"", ""quantity"": 1, ""negative_quantity"": 0, ""movement_id"": ""f307c5e7-68bf-4da0-ade7-fd3bb0b92c31""}]",f307c5e7-68bf-4da0-ade7-fd3bb0b92c31,2026-10-07 06:27:23.119292+00,,,5df8f369-5900-4d83-879c-da4731b920bf,2026-10-02 14:32:47.814424+00
2026-10-07 08:03:24.426976+00,45035035-0211-1,04a8d96e-0ccd-42b7-b2a0-78a7d1cb5150,6c283f46-7f5b-4620-a322-096f37027c8c,2ccde129-ed49-44fd-8dcc-4dd092581e26,7d44fbc9-9c82-4ef1-bac7-4e47fe5de3c1,2d968c65-4a8d-414e-9076-0f201c2dba63,,1,0,0,"[{""product_id"": ""2ccde129-ed49-44fd-8dcc-4dd092581e26"", ""storage_location_id"": ""7d44fbc9-9c82-4ef1-bac7-4e47fe5de3c1"", ""source_warehouse_id"": ""2d968c65-4a8d-414e-9076-0f201c2dba63"", ""container_kind"": null, ""container_id"": null, ""source_mode"": ""sorting_loose"", ""quantity"": 1, ""negative_quantity"": 0, ""movement_id"": ""7b2d9cdf-d000-4df0-bca9-fdac1d006a91""}]",7b2d9cdf-d000-4df0-bca9-fdac1d006a91,2026-10-07 06:27:23.496361+00,,,5df8f369-5900-4d83-879c-da4731b920bf,2026-10-02 14:32:47.814424+00
2026-10-07 08:03:24.42698+00,50261136-0017-1,e3aa09dc-6910-439f-afb5-e14c001ce8f1,c5177e7d-9db8-437a-ae64-9504275b6bad,2ccde129-ed49-44fd-8dcc-4dd092581e26,7d44fbc9-9c82-4ef1-bac7-4e47fe5de3c1,2d968c65-4a8d-414e-9076-0f201c2dba63,,1,0,0,"[{""product_id"": ""2ccde129-ed49-44fd-8dcc-4dd092581e26"", ""storage_location_id"": ""7d44fbc9-9c82-4ef1-bac7-4e47fe5de3c1"", ""source_warehouse_id"": ""2d968c65-4a8d-414e-9076-0f201c2dba63"", ""container_kind"": null, ""container_id"": null, ""source_mode"": ""sorting_loose"", ""quantity"": 1, ""negative_quantity"": 0, ""movement_id"": ""80ec7b0b-318e-4754-87dd-ae6e12a10691""}]",80ec7b0b-318e-4754-87dd-ae6e12a10691,2026-10-07 06:17:36.519321+00,,,5df8f369-5900-4d83-879c-da4731b920bf,2026-10-02 14:32:47.814424+00
2026-10-07 08:03:24.426984+00,55322493-0272-1,dc9fcd30-c18c-4907-b2a5-32e16cae5cf1,78de0390-f016-4d31-ac4e-7d6de97a20ac,2ccde129-ed49-44fd-8dcc-4dd092581e26,7d44fbc9-9c82-4ef1-bac7-4e47fe5de3c1,2d968c65-4a8d-414e-9076-0f201c2dba63,,1,0,0,"[{""product_id"": ""2ccde129-ed49-44fd-8dcc-4dd092581e26"", ""storage_location_id"": ""7d44fbc9-9c82-4ef1-bac7-4e47fe5de3c1"", ""source_warehouse_id"": ""2d968c65-4a8d-414e-9076-0f201c2dba63"", ""container_kind"": null, ""container_id"": null, ""source_mode"": ""sorting_loose"", ""quantity"": 1, ""negative_quantity"": 0, ""movement_id"": ""fd3f52a6-7350-4414-9277-4c0bd0b76043""}]",fd3f52a6-7350-4414-9277-4c0bd0b76043,2026-10-07 06:17:36.20093+00,,,5df8f369-5900-4d83-879c-da4731b920bf,2026-10-02 14:32:47.814424+00
2026-10-07 08:03:24.426988+00,56845110-0045-1,42c6dc1d-0ee3-4265-b8c8-df88c7a45f54,6fc67946-d062-49ba-ad8e-9c061a1177e1,2ccde129-ed49-44fd-8dcc-4dd092581e26,7d44fbc9-9c82-4ef1-bac7-4e47fe5de3c1,2d968c65-4a8d-414e-9076-0f201c2dba63,,1,0,0,"[{""product_id"": ""2ccde129-ed49-44fd-8dcc-4dd092581e26"", ""storage_location_id"": ""7d44fbc9-9c82-4ef1-bac7-4e47fe5de3c1"", ""source_warehouse_id"": ""2d968c65-4a8d-414e-9076-0f201c2dba63"", ""container_kind"": null, ""container_id"": null, ""source_mode"": ""sorting_loose"", ""quantity"": 1, ""negative_quantity"": 0, ""movement_id"": ""a36cf06f-df25-46dc-8ebb-5d773752458c""}]",a36cf06f-df25-46dc-8ebb-5d773752458c,2026-10-07 06:27:23.592987+00,,,5df8f369-5900-4d83-879c-da4731b920bf,2026-10-02 14:32:47.814424+00
2026-10-07 08:03:24.427+00,56907807-0024-1,20999e12-36ce-4515-af09-06b06efae281,870e99a1-6435-4291-ac7d-cf0a81ab0572,1a99998b-1576-4e7f-9f9a-cf9eaf14907e,7d44fbc9-9c82-4ef1-bac7-4e47fe5de3c1,2d968c65-4a8d-414e-9076-0f201c2dba63,,1,0,0,"[{""product_id"": ""1a99998b-1576-4e7f-9f9a-cf9eaf14907e"", ""storage_location_id"": ""7d44fbc9-9c82-4ef1-bac7-4e47fe5de3c1"", ""source_warehouse_id"": ""2d968c65-4a8d-414e-9076-0f201c2dba63"", ""container_kind"": null, ""container_id"": null, ""source_mode"": ""sorting_loose"", ""quantity"": 1, ""negative_quantity"": 0, ""movement_id"": ""d8eb8404-9b1f-4d1a-83cc-00be503b1635""}]",d8eb8404-9b1f-4d1a-83cc-00be503b1635,2026-10-07 06:27:23.690801+00,,,5df8f369-5900-4d83-879c-da4731b920bf,2026-10-02 14:32:47.814424+00
2026-10-07 08:03:24.427005+00,59814512-0364-3,6d16f0b2-b0bd-43f6-9de2-8e49e9b7e010,4c9f0057-d363-4ec3-9c9b-4006c7f50516,2ccde129-ed49-44fd-8dcc-4dd092581e26,7d44fbc9-9c82-4ef1-bac7-4e47fe5de3c1,2d968c65-4a8d-414e-9076-0f201c2dba63,,1,0,0,"[{""product_id"": ""2ccde129-ed49-44fd-8dcc-4dd092581e26"", ""storage_location_id"": ""7d44fbc9-9c82-4ef1-bac7-4e47fe5de3c1"", ""source_warehouse_id"": ""2d968c65-4a8d-414e-9076-0f201c2dba63"", ""container_kind"": null, ""container_id"": null, ""source_mode"": ""sorting_loose"", ""quantity"": 1, ""negative_quantity"": 0, ""movement_id"": ""9753a594-2c1e-4cf1-9e94-2eb6316d3fc5""}]",9753a594-2c1e-4cf1-9e94-2eb6316d3fc5,2026-10-07 06:27:23.222058+00,,,5df8f369-5900-4d83-879c-da4731b920bf,2026-10-02 14:32:47.814424+00
2026-10-07 08:03:24.427008+00,62035277-0532-1,ec49526d-1716-4b98-baa5-4d894a964061,6444a2d9-23e0-4ddf-aa43-87abd03f27a7,4d7e4a3d-954e-48f6-94a3-45729f2654d0,7d44fbc9-9c82-4ef1-bac7-4e47fe5de3c1,2d968c65-4a8d-414e-9076-0f201c2dba63,,1,0,0,"[{""product_id"": ""4d7e4a3d-954e-48f6-94a3-45729f2654d0"", ""storage_location_id"": ""7d44fbc9-9c82-4ef1-bac7-4e47fe5de3c1"", ""source_warehouse_id"": ""2d968c65-4a8d-414e-9076-0f201c2dba63"", ""container_kind"": null, ""container_id"": null, ""source_mode"": ""sorting_loose"", ""quantity"": 1, ""negative_quantity"": 0, ""movement_id"": ""66829711-3c0b-49eb-8998-6257687869f5""}]",66829711-3c0b-49eb-8998-6257687869f5,2026-10-07 06:27:23.409091+00,,,5df8f369-5900-4d83-879c-da4731b920bf,2026-10-02 14:32:47.814424+00
2026-10-07 08:03:24.427012+00,66144885-0156-18,148e02fb-c385-45ed-ab66-3acd16169447,89d0cf5c-8811-4ef7-8420-6aa7037b21c6,7e159b28-72f7-4f3c-8f92-ebca10e054db,7d44fbc9-9c82-4ef1-bac7-4e47fe5de3c1,2d968c65-4a8d-414e-9076-0f201c2dba63,,1,0,0,"[{""product_id"": ""7e159b28-72f7-4f3c-8f92-ebca10e054db"", ""storage_location_id"": ""7d44fbc9-9c82-4ef1-bac7-4e47fe5de3c1"", ""source_warehouse_id"": ""2d968c65-4a8d-414e-9076-0f201c2dba63"", ""container_kind"": null, ""container_id"": null, ""source_mode"": ""sorting_loose"", ""quantity"": 1, ""negative_quantity"": 0, ""movement_id"": ""62c31439-5eba-44d7-91f2-5f18d42871db""}]",62c31439-5eba-44d7-91f2-5f18d42871db,2026-10-07 06:27:23.74176+00,,,5df8f369-5900-4d83-879c-da4731b920bf,2026-10-02 14:32:47.814424+00
2026-10-07 08:03:24.427016+00,80034639-0273-1,01c89e3d-cfc5-4eee-8e36-cf7628c64c12,c614ec4d-3c05-49f4-a986-fb6048642456,1a99998b-1576-4e7f-9f9a-cf9eaf14907e,7d44fbc9-9c82-4ef1-bac7-4e47fe5de3c1,2d968c65-4a8d-414e-9076-0f201c2dba63,,1,0,0,"[{""product_id"": ""1a99998b-1576-4e7f-9f9a-cf9eaf14907e"", ""storage_location_id"": ""7d44fbc9-9c82-4ef1-bac7-4e47fe5de3c1"", ""source_warehouse_id"": ""2d968c65-4a8d-414e-9076-0f201c2dba63"", ""container_kind"": null, ""container_id"": null, ""source_mode"": ""sorting_loose"", ""quantity"": 1, ""negative_quantity"": 0}]",,,,,,2026-10-02 14:32:47.814424+00
2026-10-07 08:03:24.427018+00,81035721-0742-1,60f80a2b-6d69-4654-9d53-0c5cc62e29ab,d46f4e6a-c28c-4ec6-a8b7-3c9734528f53,4d7e4a3d-954e-48f6-94a3-45729f2654d0,7d44fbc9-9c82-4ef1-bac7-4e47fe5de3c1,2d968c65-4a8d-414e-9076-0f201c2dba63,,1,0,0,"[{""product_id"": ""4d7e4a3d-954e-48f6-94a3-45729f2654d0"", ""storage_location_id"": ""7d44fbc9-9c82-4ef1-bac7-4e47fe5de3c1"", ""source_warehouse_id"": ""2d968c65-4a8d-414e-9076-0f201c2dba63"", ""container_kind"": null, ""container_id"": null, ""source_mode"": ""sorting_loose"", ""quantity"": 1, ""negative_quantity"": 0, ""movement_id"": ""6f703408-9714-4322-a61d-0ab65161f453""}]",6f703408-9714-4322-a61d-0ab65161f453,2026-10-07 06:27:24.187475+00,,,5df8f369-5900-4d83-879c-da4731b920bf,2026-10-02 14:32:47.814424+00
2026-10-07 08:03:24.427022+00,83893932-0680-2,1068e338-f9eb-4399-968c-158bc7302905,a8e915f1-3a6f-45de-9cfb-f9f5cae5acde,80fa2a1e-1974-4e6e-8497-2defd0176bd5,7d44fbc9-9c82-4ef1-bac7-4e47fe5de3c1,2d968c65-4a8d-414e-9076-0f201c2dba63,,1,0,0,"[{""product_id"": ""80fa2a1e-1974-4e6e-8497-2defd0176bd5"", ""storage_location_id"": ""7d44fbc9-9c82-4ef1-bac7-4e47fe5de3c1"", ""source_warehouse_id"": ""2d968c65-4a8d-414e-9076-0f201c2dba63"", ""container_kind"": null, ""container_id"": null, ""source_mode"": ""sorting_loose"", ""quantity"": 1, ""negative_quantity"": 0, ""movement_id"": ""b72287ce-6781-40bb-a95e-4fe69ff789f7""}]",b72287ce-6781-40bb-a95e-4fe69ff789f7,2026-10-07 06:27:23.812197+00,,,5df8f369-5900-4d83-879c-da4731b920bf,2026-10-02 14:32:47.814424+00
2026-10-07 08:03:24.427025+00,85257535-0274-1,7e8d433d-57b0-4407-99c5-150b8005bfa0,cfc68d5f-0694-486e-84b0-136e51ce2532,4d7e4a3d-954e-48f6-94a3-45729f2654d0,7d44fbc9-9c82-4ef1-bac7-4e47fe5de3c1,2d968c65-4a8d-414e-9076-0f201c2dba63,,1,0,0,"[{""product_id"": ""4d7e4a3d-954e-48f6-94a3-45729f2654d0"", ""storage_location_id"": ""7d44fbc9-9c82-4ef1-bac7-4e47fe5de3c1"", ""source_warehouse_id"": ""2d968c65-4a8d-414e-9076-0f201c2dba63"", ""container_kind"": null, ""container_id"": null, ""source_mode"": ""sorting_loose"", ""quantity"": 1, ""negative_quantity"": 0, ""movement_id"": ""7184e35e-6bc9-492b-a7d7-96cae88ce449""}]",7184e35e-6bc9-492b-a7d7-96cae88ce449,2026-10-07 06:17:36.593473+00,,,5df8f369-5900-4d83-879c-da4731b920bf,2026-10-02 14:32:47.814424+00
2026-10-07 08:03:24.427028+00,99185584-1963-5,e81bcefd-a8ea-4331-923c-17f5d487b2bb,e014ba26-8cbc-4480-8ad5-581f9f500f51,2ccde129-ed49-44fd-8dcc-4dd092581e26,7d44fbc9-9c82-4ef1-bac7-4e47fe5de3c1,2d968c65-4a8d-414e-9076-0f201c2dba63,,1,0,0,"[{""product_id"": ""2ccde129-ed49-44fd-8dcc-4dd092581e26"", ""storage_location_id"": ""7d44fbc9-9c82-4ef1-bac7-4e47fe5de3c1"", ""source_warehouse_id"": ""2d968c65-4a8d-414e-9076-0f201c2dba63"", ""container_kind"": null, ""container_id"": null, ""source_mode"": ""sorting_loose"", ""quantity"": 1, ""negative_quantity"": 0}]",,,,,,2026-10-02 14:32:47.814424+00
2026-10-07 08:03:24.427029+00,99630148-0017-1,fd2b5492-7a4c-4f59-aa0e-e8b3951d0e7d,604b0a9f-910c-42ba-8c14-88b459ef6d12,7e159b28-72f7-4f3c-8f92-ebca10e054db,7d44fbc9-9c82-4ef1-bac7-4e47fe5de3c1,2d968c65-4a8d-414e-9076-0f201c2dba63,,1,0,0,"[{""product_id"": ""7e159b28-72f7-4f3c-8f92-ebca10e054db"", ""storage_location_id"": ""7d44fbc9-9c82-4ef1-bac7-4e47fe5de3c1"", ""source_warehouse_id"": ""2d968c65-4a8d-414e-9076-0f201c2dba63"", ""container_kind"": null, ""container_id"": null, ""source_mode"": ""sorting_loose"", ""quantity"": 1, ""negative_quantity"": 0, ""movement_id"": ""9b5c3cd9-a8a8-45a9-9585-21bf49f7b15c""}]",9b5c3cd9-a8a8-45a9-9585-21bf49f7b15c,2026-10-07 06:17:36.00989+00,,,5df8f369-5900-4d83-879c-da4731b920bf,2026-10-02 14:32:47.814424+00
