db_at,id,external_order_id,wb_order_id,status,wb_status,supplier_status,created_at,created_at_wb,updated_at,last_wb_sync_at,position_id,product_id,ozon_sku,offer_id,quantity,reserved_quantity,legacy_reserved,position_reserved
2026-10-07 08:03:22.731421+00,8bf9d518-2702-4c29-89ab-4ed002c0f416,0113371235-0054-3,-1567244173107803056,in_delivery,delivering,posting_in_pickup_point,2026-10-01 18:48:34.597096+00,2026-10-01 18:44:34+00,2026-10-07 07:59:31.138516+00,2026-10-07 07:59:31.232535+00,6f15aee8-99db-4b0b-bef0-07123a494574,2ccde129-ed49-44fd-8dcc-4dd092581e26,1697770458,doorBell,1,0,0,0
2026-10-07 08:03:22.731526+00,b05ef83a-01c3-4f14-bafd-41669614d4c1,0144953533-0124-1,-789311589573339514,done,delivered,posting_received,2026-10-02 08:27:21.714308+00,2026-10-02 08:24:38+00,2026-10-07 07:50:02.935306+00,2026-10-07 07:50:03.148175+00,59e67251-a7c4-4d92-9743-66c695d23c06,80fa2a1e-1974-4e6e-8497-2defd0176bd5,1589998415,sausage2,1,0,0,0
2026-10-07 08:03:22.731549+00,0e9251a4-b8ab-4b65-8cdc-500146e58cd3,0148656673-0134-1,-4672352742999753757,cancelled,cancelled,posting_canceled,2026-10-01 13:22:38.285429+00,2026-10-01 13:21:09+00,2026-10-06 17:26:40.325509+00,2026-10-06 17:27:39.689885+00,e73d0d92-41c3-435d-abc6-4e1bf95ee5d9,605bdc71-baae-43dd-9ed4-fb37e07906c0,1695134284,video.nanny3,1,0,0,0
2026-10-07 08:03:22.731574+00,3470f8fc-008d-4fe3-8a72-d9c73a46af42,0153677007-0258-1,-9187318601509710667,in_delivery,delivering,posting_on_way_to_city,2026-10-02 06:22:04.50033+00,2026-10-02 06:20:42+00,2026-10-07 07:59:31.138516+00,2026-10-07 07:59:31.232535+00,735f391b-95b5-478c-9b6e-3262b7309bab,80fa2a1e-1974-4e6e-8497-2defd0176bd5,1589998415,sausage2,1,0,0,0
2026-10-07 08:03:22.731595+00,eaabb48b-0174-414e-96b9-518f9220400e,0164033835-0039-1,-4649441732273456661,in_delivery,delivering,posting_on_way_to_city,2026-10-01 18:48:34.597096+00,2026-10-01 18:45:38+00,2026-10-07 07:59:31.138516+00,2026-10-07 07:59:31.232535+00,bc5913fc-5984-4e95-b4fb-ee34a2196dfa,80fa2a1e-1974-4e6e-8497-2defd0176bd5,1589998415,sausage2,1,0,0,0
2026-10-07 08:03:22.731625+00,64a9b26b-3e27-48f7-ae18-c4d2c10ad5a1,0172663629-0081-1,-546076584277246976,in_delivery,delivering,posting_on_way_to_city,2026-10-02 12:06:21.968407+00,2026-10-02 12:05:47+00,2026-10-07 07:59:31.138516+00,2026-10-07 07:59:31.232535+00,5ace2b40-2451-4c1a-b2b6-9394f4c66c05,80fa2a1e-1974-4e6e-8497-2defd0176bd5,1589998415,sausage2,1,0,0,0
2026-10-07 08:03:22.731647+00,27da526e-9e2c-4798-a978-ec15582183f1,0181745532-0045-3,-8634074669431035293,cancelled,cancelled,posting_canceled,2026-10-01 05:28:30.533151+00,2026-10-01 05:27:59+00,2026-10-04 17:26:19.801169+00,2026-10-04 17:27:19.147302+00,9ed595e4-81cb-4272-92fd-dc89f13df672,2ccde129-ed49-44fd-8dcc-4dd092581e26,1697770458,doorBell,1,0,0,0
2026-10-07 08:03:22.731666+00,558f8beb-a0b6-489a-a8b6-5dd3a5a494b5,0187441457-0073-1,-7559690516056444897,done,delivered,posting_received,2026-10-02 08:51:20.913839+00,2026-10-02 08:50:26+00,2026-10-06 12:06:41.347447+00,2026-10-06 12:07:17.179142+00,2dba4246-8711-4a0c-90d3-39f79b62b46d,2ccde129-ed49-44fd-8dcc-4dd092581e26,1697770458,doorBell,1,0,0,0
2026-10-07 08:03:22.731684+00,32427a22-b4dd-4c8a-9278-76a067ab41d2,0190055173-0461-1,-8157478523300992895,in_delivery,delivering,posting_on_way_to_city,2026-10-02 09:21:21.273596+00,2026-10-02 09:19:52+00,2026-10-07 07:59:31.138516+00,2026-10-07 07:59:31.232535+00,a1dfbe31-ad0f-456f-b89e-978e9ea113fe,1a99998b-1576-4e7f-9f9a-cf9eaf14907e,1586484429,video.nanny,1,0,0,0
2026-10-07 08:03:22.7317+00,2c6241b2-dc71-4b21-bc9d-534c63b8d4ba,0236443586-0012-1,-1800983930179321297,in_delivery,delivering,posting_in_pickup_point,2026-10-01 15:58:32.614657+00,2026-10-01 15:54:46+00,2026-10-07 07:59:31.138516+00,2026-10-07 07:59:31.232535+00,70b7f6a5-47da-400f-a395-2571e3637a48,4d7e4a3d-954e-48f6-94a3-45729f2654d0,1586466682,aqua.skreb,1,0,0,0
2026-10-07 08:03:22.731717+00,c2d7a754-f334-431f-89ed-5e47d3e0c7a4,0249035122-0351-1,-8702048317678979192,done,delivered,posting_received,2026-10-02 11:24:22.027641+00,2026-10-02 11:22:12+00,2026-10-06 09:36:54.326881+00,2026-10-06 09:37:25.609858+00,df4973be-db60-4eda-b0da-2ba1d4f928e6,80fa2a1e-1974-4e6e-8497-2defd0176bd5,1589998415,sausage2,1,0,0,0
2026-10-07 08:03:22.731732+00,66f61455-fea9-42a2-b52a-b7a754bb660d,0282817049-0013-1,-8625515646417977301,cancelled,cancelled,posting_canceled,2026-10-02 12:09:21.466511+00,2026-10-02 12:08:30+00,2026-10-05 17:27:38.293193+00,2026-10-05 17:28:54.584529+00,c60d4df6-37a5-415a-89fd-f4030b1f97dc,2ccde129-ed49-44fd-8dcc-4dd092581e26,1697770458,doorBell,1,0,0,0
2026-10-07 08:03:22.731743+00,e203f00e-db36-46c0-aa1b-192539ab88b8,06383353-1897-1,-2310444704861469263,done,delivered,posting_received,2026-10-02 07:04:00.909733+00,2026-10-02 07:02:34+00,2026-10-05 14:25:57.910078+00,2026-10-05 14:26:44.81768+00,155fedf4-0ecf-4974-b043-0db8d23fa278,80fa2a1e-1974-4e6e-8497-2defd0176bd5,1589998415,sausage2,1,0,0,0
2026-10-07 08:03:22.731754+00,b7216c03-b13d-49d8-a3e8-a7c99c29bda6,21052558-0445-1,-5036164507375433325,done,delivered,posting_received,2026-10-01 19:18:35.813611+00,2026-10-01 19:16:37+00,2026-10-04 14:56:33.250416+00,2026-10-04 14:57:18.896499+00,9c51b88c-1c35-40e5-8936-40e5da3579b5,2ccde129-ed49-44fd-8dcc-4dd092581e26,1697770458,doorBell,1,0,0,0
2026-10-07 08:03:22.731765+00,958ac70f-79b5-4d9c-b0b1-dc2f5237cd25,23388119-0163-1,-1388082835817503114,in_delivery,delivering,posting_on_way_to_city,2026-10-01 15:19:32.147903+00,2026-10-01 15:17:52+00,2026-10-07 07:59:31.138516+00,2026-10-07 07:59:31.232535+00,e9b05ba5-9713-4768-9acc-3118aa28d32a,1a99998b-1576-4e7f-9f9a-cf9eaf14907e,1586484429,video.nanny,1,0,0,0
2026-10-07 08:03:22.731776+00,ccdd5eaf-cd9b-456c-8415-0868a52fa0af,28508065-0594-1,-5249692976070814833,done,delivered,posting_received,2026-10-01 18:42:32.442185+00,2026-10-01 18:41:10+00,2026-10-03 17:52:34.739604+00,2026-10-03 17:53:36.349902+00,f6ab08a3-dab6-4035-9d58-a508034fa789,1a99998b-1576-4e7f-9f9a-cf9eaf14907e,1586484429,video.nanny,1,0,0,0
2026-10-07 08:03:22.731788+00,0d45ad7d-956e-4625-9dc5-f10c2e5b453a,31853470-0198-1,-4022027969872877394,done,delivered,posting_received,2026-10-02 10:39:20.563906+00,2026-10-02 10:37:41+00,2026-10-03 13:11:53.415869+00,2026-10-03 13:12:30.358625+00,76bc0f7f-373d-4d28-9027-ed8469e98d24,4d7e4a3d-954e-48f6-94a3-45729f2654d0,1586466682,aqua.skreb,1,0,0,0
2026-10-07 08:03:22.731805+00,6c283f46-7f5b-4620-a322-096f37027c8c,45035035-0211-1,-5733175036244311669,done,delivered,posting_received,2026-10-02 12:18:22.55031+00,2026-10-02 12:17:04+00,2026-10-05 11:56:29.168239+00,2026-10-05 11:57:03.199225+00,b2b5c626-6db4-4073-b2b2-527a73cc581b,2ccde129-ed49-44fd-8dcc-4dd092581e26,1697770458,doorBell,1,0,0,0
2026-10-07 08:03:22.731906+00,c5177e7d-9db8-437a-ae64-9504275b6bad,50261136-0017-1,-2427584929007683998,in_delivery,delivering,posting_in_pickup_point,2026-10-01 14:58:32.039814+00,2026-10-01 14:56:18+00,2026-10-07 07:59:31.138516+00,2026-10-07 07:59:31.232535+00,9529c313-8aec-4f1c-8c72-4a9539fc7b79,2ccde129-ed49-44fd-8dcc-4dd092581e26,1697770458,doorBell,1,0,0,0
2026-10-07 08:03:22.73193+00,78de0390-f016-4d31-ac4e-7d6de97a20ac,55322493-0272-1,-8341406101665823136,in_delivery,delivering,posting_in_pickup_point,2026-10-02 12:18:22.55031+00,2026-10-02 12:15:49+00,2026-10-07 07:59:31.138516+00,2026-10-07 07:59:31.232535+00,7ddb0838-54c4-42a3-9020-10dbab6a87ad,2ccde129-ed49-44fd-8dcc-4dd092581e26,1697770458,doorBell,1,0,0,0
2026-10-07 08:03:22.731949+00,6fc67946-d062-49ba-ad8e-9c061a1177e1,56845110-0045-1,-4610395770373889374,done,delivered,posting_received,2026-10-02 03:07:05.460967+00,2026-10-02 03:04:09+00,2026-10-07 03:46:31.770122+00,2026-10-07 03:46:59.885349+00,f742d910-2fcf-4d96-9ed9-ea46d2a4bbd4,2ccde129-ed49-44fd-8dcc-4dd092581e26,1697770458,doorBell,1,0,0,0
2026-10-07 08:03:22.731968+00,870e99a1-6435-4291-ac7d-cf0a81ab0572,56907807-0024-1,-4092905823571161653,done,delivered,posting_received,2026-10-02 03:40:07.383483+00,2026-10-02 03:39:43+00,2026-10-04 07:55:34.477459+00,2026-10-04 07:56:06.496826+00,ebf2b86b-f65c-4ec1-99ee-bc57b1b600ab,1a99998b-1576-4e7f-9f9a-cf9eaf14907e,1586484429,video.nanny,1,0,0,0
2026-10-07 08:03:22.731986+00,4c9f0057-d363-4ec3-9c9b-4006c7f50516,59814512-0364-3,-2517734929438144242,done,delivered,posting_received,2026-10-02 11:27:21.553181+00,2026-10-02 11:25:44+00,2026-10-06 06:26:58.588962+00,2026-10-06 06:27:29.822507+00,53ade029-83af-44f8-ba05-b3e3fa88bd03,2ccde129-ed49-44fd-8dcc-4dd092581e26,1697770458,doorBell,1,0,0,0
2026-10-07 08:03:22.732005+00,6444a2d9-23e0-4ddf-aa43-87abd03f27a7,62035277-0532-1,-7889661164380028348,done,delivered,posting_received,2026-10-02 07:24:28.944484+00,2026-10-02 07:23:40+00,2026-10-06 08:57:04.811753+00,2026-10-06 08:57:36.828804+00,8ca6064a-f01f-4401-9ba6-6952f43ab6e9,4d7e4a3d-954e-48f6-94a3-45729f2654d0,1586466682,aqua.skreb,1,0,0,0
2026-10-07 08:03:22.732021+00,89d0cf5c-8811-4ef7-8420-6aa7037b21c6,66144885-0156-18,-3498383957666051772,done,delivered,posting_received,2026-10-02 10:27:21.989472+00,2026-10-02 10:25:50+00,2026-10-04 15:16:24.626152+00,2026-10-04 15:17:09.277428+00,f89ee8d2-ff80-49f3-b7d5-154210aa2f0b,7e159b28-72f7-4f3c-8f92-ebca10e054db,1695128938,video.nanny2,1,0,0,0
2026-10-07 08:03:22.732038+00,c614ec4d-3c05-49f4-a986-fb6048642456,80034639-0273-1,-2527735939073957671,cancelled,cancelled,posting_canceled,2026-10-02 01:55:05.388518+00,2026-10-02 01:48:16+00,2026-10-04 04:21:57.20993+00,2026-10-04 04:22:27.855654+00,21fd26d1-9665-47bf-9512-37b65ac3afd0,1a99998b-1576-4e7f-9f9a-cf9eaf14907e,1586484429,video.nanny,1,0,0,0
2026-10-07 08:03:22.732058+00,d46f4e6a-c28c-4ec6-a8b7-3c9734528f53,81035721-0742-1,-5196750365978108890,done,delivered,posting_received,2026-10-01 21:57:16.55581+00,2026-10-01 21:56:08+00,2026-10-04 15:46:17.955097+00,2026-10-04 15:47:05.816992+00,951794c1-c0c0-4902-8aa4-04b8ad6a9122,4d7e4a3d-954e-48f6-94a3-45729f2654d0,1586466682,aqua.skreb,1,0,0,0
2026-10-07 08:03:22.732079+00,a8e915f1-3a6f-45de-9cfb-f9f5cae5acde,83893932-0680-2,-5573679279260876754,done,delivered,posting_received,2026-10-01 23:31:06.804346+00,2026-10-01 23:28:47+00,2026-10-06 17:07:05.669541+00,2026-10-06 17:08:08.277285+00,7f6e10b9-f224-4fd5-b59c-ffb9234fd198,80fa2a1e-1974-4e6e-8497-2defd0176bd5,1589998415,sausage2,1,0,0,0
2026-10-07 08:03:22.732095+00,cfc68d5f-0694-486e-84b0-136e51ce2532,85257535-0274-1,-3061729647968479792,in_delivery,delivering,posting_in_pickup_point,2026-10-02 04:19:07.210217+00,2026-10-02 04:13:59+00,2026-10-07 07:59:31.138516+00,2026-10-07 07:59:31.232535+00,5107cc5c-7c44-4d7c-a9ba-a788e0198d83,4d7e4a3d-954e-48f6-94a3-45729f2654d0,1586466682,aqua.skreb,1,0,0,0
2026-10-07 08:03:22.732106+00,e014ba26-8cbc-4480-8ad5-581f9f500f51,99185584-1963-5,-442777451794546818,cancelled,cancelled,posting_canceled,2026-10-01 18:39:34.381524+00,2026-10-01 18:39:04+00,2026-10-04 15:26:28.22304+00,2026-10-04 15:27:15.551444+00,72ef64f7-dba8-45fd-a69e-b526f7fddf78,2ccde129-ed49-44fd-8dcc-4dd092581e26,1697770458,doorBell,1,0,0,0
2026-10-07 08:03:22.732117+00,604b0a9f-910c-42ba-8c14-88b459ef6d12,99630148-0017-1,-397107183026489859,in_delivery,delivering,posting_in_pickup_point,2026-10-01 18:21:39.038678+00,2026-10-01 18:20:29+00,2026-10-07 07:59:31.138516+00,2026-10-07 07:59:31.232535+00,e5733b53-b0de-4d41-99e9-972b5eb6602a,7e159b28-72f7-4f3c-8f92-ebca10e054db,1695128938,video.nanny2,1,0,0,0
